,ID,Link,Title,Price,Location,Area,City,Scrapping_Date,Type_of_Agreement,Dwelling_Type,Elevator,Furnishing,Level,Parking_Space,Pets,Rooms_Number,Seller
0,ID16sYcV,https://www.olx.pl/d/oferta/mieszkanie-3-pokojowe-aleja-solidarnosci-blisko-ps-i-ujk-CID3-ID16sYcV.html,Mieszkanie 3-pokojowe Aleja Solidarności blisko PŚ i UJK,3 200 złdo negocjacji,Kielce - 03 lipca 2025,46 m²,kielce,2025-07-13 22:46:27,wynajem,block,yes,yes,5,garage,no,3,private
1,ID16AAtU,https://www.olx.pl/d/oferta/nowoczesne-3-pokoje-z-balkonem-i-garazem-osiedle-na-wrzosach-CID3-ID16AAtU.html,Nowoczesne 3 pokoje z balkonem i garażem | Osiedle na Wrzosach,2 250 zł,Kielce - Dzisiaj o 07:09,61 m²,kielce,2025-07-13 22:46:27,wynajem,apartment,yes,yes,2,garage,no,3,developers
2,ID16wFsa,https://www.olx.pl/d/oferta/kawalerka-35m-centrum-kielce-CID3-ID16wFsa.html,Kawalerka 35m Centrum Kielce,1 600 zł,Kielce - Odświeżono Dzisiaj o 10:22,35 m²,kielce,2025-07-13 22:46:27,wynajem,block,no,yes,0,belonging_on_street,,1,private
3,ID16xYvS,https://www.olx.pl/d/oferta/wynajme-nowoczesne-mieszkanie-przy-kazimierza-wielkiego-slichowice-CID3-ID16xYvS.html,Wynajmę nowoczesne mieszkanie przy Kazimierza Wielkiego - Ślichowice,2 700 zł,Kielce - Odświeżono Dzisiaj o 19:21,51 m²,kielce,2025-07-13 22:46:27,wynajem,apartment,yes,yes,1,,no,2,private
4,ID12WlRT,https://www.olx.pl/d/oferta/wynajme-3-pokoje-52m2-ul-winnicka-CID3-ID12WlRT.html,"Wynajmę 3 pokoje, 52m2, ul. Winnicka",2 700 zł,Kielce - Odświeżono Dzisiaj o 18:52,"51,50 m²",kielce,2025-07-13 22:46:27,wynajem,block,yes,yes,3,,yes,3,private
5,ID16btdS,https://www.olx.pl/d/oferta/wynajme-mieszkanie-3-pokoje-blisko-uczelni-CID3-ID16btdS.html,Wynajmę mieszkanie 3 pokoje blisko uczelni,2 200 zł,Kielce - Dzisiaj o 10:03,63 m²,kielce,2025-07-13 22:46:27,wynajem,block,,yes,1,belonging_on_street,,3,private
6,ID15Onq2,https://www.olx.pl/d/oferta/wynajme-mieszkanie-2-pokojowe-51-m2-os-kochanowskiego-kielce-CID3-ID15Onq2.html,"Wynajmę Mieszkanie 2-pokojowe 51 m2, oś. Kochanowskiego  Kielce",1 800 zł,Kielce - Odświeżono Dzisiaj o 08:34,51 m²,kielce,2025-07-13 22:46:27,wynajem,block,no,yes,1,belonging_on_street,no,2,private
7,ID4x9FS,https://www.olx.plhttps://www.otodom.pl/pl/oferta/mieszkanie-m-3-z-wyposazeniem-ID4x9FS.html,Mieszkanie M-3 z wyposażeniem.,1 700 zł,Kielce - 06 lipca 2025,45 m²,kielce,2025-07-13 22:46:27,wynajem,block,,yes,4,,,2,developers
8,ID4vMUV,https://www.olx.plhttps://www.otodom.pl/pl/oferta/apartament-2-pokoje-32m-ul-lotnicza-centrum-ID4vMUV.html,"Apartament 2 pokoje, 32m² ul. Lotnicza-Centrum!",2 000 zł,Kielce - Dzisiaj o 06:27,32 m²,kielce,2025-07-13 22:46:27,wynajem,apartment,,yes,5,,,2,private
9,ID4x0TM,https://www.olx.plhttps://www.otodom.pl/pl/oferta/kawalerka-po-remoncie-ul-okrzei-1-pietro-ID4x0TM.html,"Kawalerka po remoncie ul Okrzei, 1 piętro",1 600 zł,Kielce - 26 czerwca 2025,27 m²,kielce,2025-07-13 22:46:27,wynajem,remaining,,yes,1,,,1,developers
10,ID4xbKZ,https://www.olx.plhttps://www.otodom.pl/pl/oferta/wietrzniadwustronneparkingbalkonblisko-centrumfunkcjonalne-ID4xbKZ.html,⭐Wietrznia⭐Dwustronne⭐Parking⭐Balkon⭐Blisko Centrum⭐Funkcjonalne⭐,1 600 zł,Kielce - 08 lipca 2025,46 m²,kielce,2025-07-13 22:46:27,wynajem,block,,yes,0,,,2,developers
11,ID16yTEI,https://www.olx.pl/d/oferta/bezczynszowe-mieszkanie-1-pokojowe-25-m2-ksm-kielce-CID3-ID16yTEI.html,Bezczynszowe mieszkanie 1-pokojowe 25 m2 KSM Kielce,2 000 zł,Kielce - Odświeżono Dzisiaj o 13:57,25 m²,kielce,2025-07-13 22:46:27,wynajem,apartment,yes,yes,1,garage,no,1,developers
12,ID16opzT,https://www.olx.pl/d/oferta/wynajme-mieszkanie-blisko-politechniki-i-ujk-CID3-ID16opzT.html,Wynajmę mieszkanie blisko Politechniki i UJK,1 500 zł,Kielce - Odświeżono dnia 12 lipca 2025,38 m²,kielce,2025-07-13 22:46:27,wynajem,block,,yes,1,belonging_on_street,,2,private
13,ID11Z11E,https://www.olx.pl/d/oferta/mieszkanie-do-wynajecia-CID3-ID11Z11E.html,mieszkanie do wynajęcia,1 250 zł,Kielce - Odświeżono dnia 12 lipca 2025,"26,40 m²",kielce,2025-07-13 22:46:27,wynajem,block,yes,yes,10,belonging_on_street,no,1,developers
14,ID16rjSL,https://www.olx.pl/d/oferta/mieszkanie-3-pokojowe-do-wynajecia-kielce-ul-klonowa-CID3-ID16rjSL.html,Mieszkanie 3 pokojowe do wynajęcia Kielce ul. Klonowa,3 000 zł,Kielce - Odświeżono dnia 08 lipca 2025,72 m²,kielce,2025-07-13 22:46:27,wynajem,apartment,yes,yes,1,garage,yes,3,private
15,ID13gI4E,https://www.olx.pl/d/oferta/kawalerka-premium-w-centrum-wysoki-standard-CID3-ID13gI4E.html,**Kawalerka Premium w Centrum ** Wysoki Standard,1 300 zł,Kielce - Dzisiaj o 14:28,25 m²,kielce,2025-07-13 22:46:27,wynajem,tenement,no,yes,0,,no,2,private
16,ID4xbj7,https://www.olx.plhttps://www.otodom.pl/pl/oferta/2-pokoje-kuchnia-balkon-parking-zamkniete-osiedle-ID4xbj7.html,2 pokoje kuchnia  balkon parking zamknięte osiedle,2 250 zł,Kielce - 10 lipca 2025,54 m²,kielce,2025-07-13 22:46:27,wynajem,apartment,,yes,2,,,2,developers
17,ID4x2BW,https://www.olx.plhttps://www.otodom.pl/pl/oferta/komfortowe-dwupokojowe-centrum-z-tarasem-ID4x2BW.html,Komfortowe dwupokojowe centrum z tarasem,1 700 zł,Kielce - 28 czerwca 2025,46 m²,kielce,2025-07-13 22:46:27,wynajem,apartment,,yes,0,,,2,developers
18,ID4xdYk,https://www.olx.plhttps://www.otodom.pl/pl/oferta/piekne-nowe-dwupokojowe-mieszkanie-osiedle-legionow-ID4xdYk.html,Piękne nowe dwupokojowe mieszkanie - Osiedle Legionów,2 300 zł,Kielce - 10 lipca 2025,45 m²,kielce,2025-07-13 22:46:27,wynajem,apartment,,yes,0,,,2,private
19,ID4x7A9,https://www.olx.plhttps://www.otodom.pl/pl/oferta/do-wynajecia-2-pokoje-bocianek-kielce-ID4x7A9.html,Do wynajęcia | 2 pokoje | Bocianek | Kielce,1 600 zł,Kielce - 03 lipca 2025,49 m²,kielce,2025-07-13 22:46:27,wynajem,block,,yes,1,,,2,developers
20,ID4vnLX,https://www.olx.plhttps://www.otodom.pl/pl/oferta/przytulna-kawalerka-do-wynajecia-ID4vnLX.html,Przytulna kawalerka do wynajęcia,1 400 zł,Kielce - 12 lipca 2025,30 m²,kielce,2025-07-13 22:46:27,wynajem,block,,yes,4,,,1,developers
21,ID16rOWS,https://www.olx.pl/d/oferta/mieszkanie-do-wynajecia-CID3-ID16rOWS.html,Mieszkanie do wynajęcia,1 000 zł,Kielce - 01 lipca 2025,26 m²,kielce,2025-07-13 22:46:27,wynajem,block,,yes,1,belonging_on_street,,1,private
22,ID4vTPv,https://www.olx.plhttps://www.otodom.pl/pl/oferta/okazja-ID4vTPv.html,Okazja,1 800 zł,Kielce - 18 czerwca 2025,48 m²,kielce,2025-07-13 22:46:27,wynajem,apartment,,yes,1,,,2,developers
23,ID4x1nU,https://www.olx.plhttps://www.otodom.pl/pl/oferta/kawalerka-z-duzym-balkonem-i-pietro-ul-strasza-os-kochanowskiego-ID4x1nU.html,"Kawalerka z dużym balkonem, I piętro ul. Strasza (os. Kochanowskiego)",1 200 zł,Kielce - 27 czerwca 2025,"33,10 m²",kielce,2025-07-13 22:46:27,wynajem,block,,yes,1,,,1,developers
24,ID16eiFT,https://www.olx.pl/d/oferta/wynajme-kawalerke-blisko-miasta-CID3-ID16eiFT.html,Wynajmę kawalerkę blisko miasta,1 400 zł,Kielce - Odświeżono dnia 20 czerwca 2025,30 m²,kielce,2025-07-13 22:46:27,wynajem,block,no,yes,2,belonging_on_street,no,1,private
25,ID16rm7X,https://www.olx.pl/d/oferta/nowa-kawalerka-gotowa-do-zamieszkania-miejsce-parkingowe-w-cenie-CID3-ID16rm7X.html,"Nowa kawalerka, gotowa do zamieszkania. Miejsce parkingowe w cenie.",2 000 zł,Kielce - Odświeżono dnia 07 lipca 2025,27 m²,kielce,2025-07-13 22:46:27,wynajem,apartment,yes,yes,2,garage,no,1,private
26,ID4vHOx,https://www.olx.plhttps://www.otodom.pl/pl/oferta/mieszkanie-w-cichej-i-spokojnej-okolicy-na-prywatn-ID4vHOx.html,Mieszkanie w cichej i spokojnej okolicy na prywatn,2 000 zł,Kielce - 04 lipca 2025,40 m²,kielce,2025-07-13 22:46:27,wynajem,detached_house,,yes,1,,,2,developers
27,ID16nDmW,https://www.olx.pl/d/oferta/wynajme-kawalerke-o-pow-33-m2-CID3-ID16nDmW.html,Wynajmę kawalerkę o pow. 33 m2,1 700 złdo negocjacji,Kielce - 25 czerwca 2025,33 m²,kielce,2025-07-13 22:46:27,wynajem,apartment,yes,yes,2,,no,1,private
28,ID4xcuc,https://www.olx.plhttps://www.otodom.pl/pl/oferta/mieszkanie-w-centrum-z-miejscem-postojowym-ID4xcuc.html,Mieszkanie w centrum z miejscem postojowym.,2 500 zł,Kielce - 09 lipca 2025,"64,30 m²",kielce,2025-07-13 22:46:27,wynajem,apartment,,no,5,,,3,developers
29,ID16BpiF,https://www.olx.pl/d/oferta/mieszkanie-na-wynajem-48m2-2-pokoje-pod-telegrafem-kielce-CID3-ID16BpiF.html,"Mieszkanie na wynajem 48m2, 2 pokoje - Pod Telegrafem, Kielce",2 500 zł,Kielce - Dzisiaj o 19:16,48 m²,kielce,2025-07-13 22:46:27,wynajem,apartment,yes,yes,2,belonging_on_street,no,2,private
30,ID4vRqs,https://www.olx.plhttps://www.otodom.pl/pl/oferta/ul-turystyczna-kawalerka-w-wysokim-standardzie-na-wynajem-ID4vRqs.html,Ul. Turystyczna - kawalerka w wysokim standardzie na wynajem,1 900 zł,Kielce - 14 czerwca 2025,25 m²,kielce,2025-07-13 22:46:27,wynajem,apartment,,yes,0,,,1,private
31,ID16zbk5,https://www.olx.pl/d/oferta/do-wynajecia-mieszkanie-35-m2-kielce-ul-krakowska-CID3-ID16zbk5.html,Do wynajęcia mieszkanie 35 m2 /Kielce ul.Krakowska,1 600 zł,Kielce - Odświeżono Dzisiaj o 11:16,34 m²,kielce,2025-07-13 22:46:27,wynajem,block,yes,yes,1,,no,1,developers
32,ID4rvDI,https://www.olx.plhttps://www.otodom.pl/pl/oferta/wynajem-kawalerka-wysoki-standard-centrum-ul-niska-ID4rvDI.html,Wynajem/kawalerka/wysoki standard/centrum/ul.Niska,1 950 zł,Kielce - 27 czerwca 2025,35 m²,kielce,2025-07-13 22:46:27,wynajem,apartment,,yes,1,,,1,developers
33,ID4x8VY,https://www.olx.plhttps://www.otodom.pl/pl/oferta/nowe-2-pokojowe-mieszkanie-z-garazem-ID4x8VY.html,Nowe 2-pokojowe mieszkanie z garażem,2 400 zł,Kielce - 05 lipca 2025,43 m²,kielce,2025-07-13 22:46:27,wynajem,block,,yes,4,,,2,private
34,ID16dLIp,https://www.olx.pl/d/oferta/wynajme-kawalerke-CID3-ID16dLIp.html,Wynajmę kawalerkę,1 450 zł,Kielce - Dzisiaj o 09:13,36 m²,kielce,2025-07-13 22:46:27,wynajem,block,yes,yes,2,belonging_on_street,no,1,private
35,ID4vX1o,https://www.olx.plhttps://www.otodom.pl/pl/oferta/apartament-na-wynajem-baranowek-45m2-balkon-i-garaz-z-piwnica-ID4vX1o.html,Apartament na wynajem BARANÓWEK 45m2+balkon i garaż z piwnicą,2 700 zł,Kielce - 22 czerwca 2025,45 m²,kielce,2025-07-13 22:46:27,wynajem,apartment,,yes,3,,,2,private
36,ID16jVjC,https://www.olx.pl/d/oferta/mieszkanie-do-wynajecia-2-pokoje-CID3-ID16jVjC.html,Mieszkanie do wynajęcia 2 pokoje,2 600 zł,Kielce - Odświeżono dnia 11 lipca 2025,45 m²,kielce,2025-07-13 22:46:27,wynajem,apartment,yes,yes,1,garage,no,2,private
37,ID4x2i3,https://www.olx.plhttps://www.otodom.pl/pl/oferta/nowe-mieszkanie-slichowice-ID4x2i3.html,Nowe mieszkanie Ślichowice,2 250 zł,Kielce - 29 czerwca 2025,53 m²,kielce,2025-07-13 22:46:27,wynajem,block,,yes,0,,,2,private
38,ID4vT6h,https://www.olx.plhttps://www.otodom.pl/pl/oferta/wynajmiemy-komfortowe-mieszkanie-ID4vT6h.html,Wynajmiemy komfortowe mieszkanie,2 500 zł,Kielce - 16 czerwca 2025,60 m²,kielce,2025-07-13 22:46:27,wynajem,apartment,,no,1,,,3,developers
39,ID44IgJ,https://www.olx.plhttps://www.otodom.pl/pl/oferta/samodzielne-mieszkanie-40m2-ck-centrum-hit-cenowy-ID44IgJ.html,Samodzielne mieszkanie 40m2 CK centrum HIT CENOWY,1 250 zł,Kielce - 10 lipca 2025,40 m²,kielce,2025-07-13 22:46:27,wynajem,tenement,,yes,2,,,1,private
40,ID16BohX,https://www.olx.pl/d/oferta/apartament-2-pokoje-ul-sabinowek-CID3-ID16BohX.html,Apartament 2 pokoje ul.Sabinówek,1 600 zł,Kielce - Dzisiaj o 18:54,50 m²,kielce,2025-07-13 22:46:27,wynajem,apartment,no,yes,3,garage,no,2,private
41,ID4vSIK,https://www.olx.plhttps://www.otodom.pl/pl/oferta/dwupokojowe-mieszkanie-do-wynajecia-w-centrum-ID4vSIK.html,Dwupokojowe mieszkanie do wynajęcia w centrum,1 900 zł,Kielce - 27 czerwca 2025,"48,70 m²",kielce,2025-07-13 22:46:27,wynajem,remaining,,yes,3,,,2,private
42,ID16hVoW,https://www.olx.pl/d/oferta/nowa-kawalerka-ul-kaczynskiego-obok-rynku-CID3-ID16hVoW.html,Nowa kawalerka ul. Kaczyńskiego  obok Rynku,1 800 zł,Kielce - 18 czerwca 2025,26 m²,kielce,2025-07-13 22:46:27,wynajem,block,,yes,,,,1,private
43,ID4vW5o,https://www.olx.plhttps://www.otodom.pl/pl/oferta/-ID4vW5o.html,"Mieszkanie, Kielce",1 200 zł,Kielce - 18 czerwca 2025,18 m²,kielce,2025-07-13 22:46:27,wynajem,block,,yes,1,,,1,developers
44,ID4x7FR,https://www.olx.plhttps://www.otodom.pl/pl/oferta/mieszkanie-dostepne-od-zaraz-25-48m-ul-kwarciana-ID4x7FR.html,Mieszkanie dostepne od zaraz 25.48m ul Kwarciana,2 000 zł,Kielce - 03 lipca 2025,"25,48 m²",kielce,2025-07-13 22:46:27,wynajem,block,,yes,0,,,1,developers
45,ID4vRG9,https://www.olx.plhttps://www.otodom.pl/pl/oferta/nowe-mieszkanie-40m2-umeblowane-w-super-lokalizacji-ID4vRG9.html,Nowe mieszkanie 40m2 umeblowane w super lokalizacji,2 550 zł,Kielce - 15 czerwca 2025,40 m²,kielce,2025-07-13 22:46:27,wynajem,apartment,,yes,2,,,2,private
46,ID4vmWj,https://www.olx.plhttps://www.otodom.pl/pl/oferta/oferta-super-plaza-2-ID4vmWj.html,Oferta Super ! Plaza 2,2 200 zł,Kielce - 17 czerwca 2025,46 m²,kielce,2025-07-13 22:46:27,wynajem,apartment,,yes,8,,,2,developers
47,ID,Link,Title,Price,Location,Area,City,Scrapping_Date,Type_of_Agreement,,,,,,,,
48,ID4vJmC,https://www.olx.plhttps://www.otodom.pl/pl/oferta/3-pokoje-warszawska-swietna-lokalizacja-gotowe-do-zamieszkania-ID4vJmC.html,3 pokoje | Warszawska | Świetna lokalizacja | Gotowe do zamieszkania,419 000 zł,Kielce - 05 czerwca 2025,"55,90 m² - 7495.53 zł/m²",kielce,2025-07-13 22:46:33,sprzedaz,,,,,,,,
49,ID14D95q,https://www.olx.pl/d/oferta/3-pokoje-mieszkanie-51-metrow-kielce-2-pietro-ul-piekoszowska-34-CID3-ID14D95q.html,"3 pokoje ,mieszkanie 51 metrów Kielce 2 piętro ul Piekoszowska 34",395 000 złdo negocjacji,Kielce - 26 czerwca 2025,51 m² - 7745.1 zł/m²,kielce,2025-07-13 22:46:33,sprzedaz,,,,,,,,
50,ID15HrwZ,https://www.olx.pl/d/oferta/nowy-bocianek-mieszkanie-z-ogrodkiem-w-cenie-CID3-ID15HrwZ.html,"Nowy Bocianek, Mieszkanie z ogródkiem w cenie,",670 000 złdo negocjacji,Kielce - 07 lipca 2025,"56,40 m² - 11879.43 zł/m²",kielce,2025-07-13 22:46:33,sprzedaz,,,,,,,,
51,ID16feCq,https://www.olx.pl/d/oferta/kielce-2-pokoje-umeblowane-parking-ul-romualda-blisko-galerii-CID3-ID16feCq.html,"Kielce – 2 pokoje, umeblowane, parking, ul. Romualda, blisko Galerii",395 000 złdo negocjacji,Kielce - Odświeżono dnia 12 lipca 2025,"43,50 m² - 9080.46 zł/m²",kielce,2025-07-13 22:46:33,sprzedaz,,,,,,,,
52,ID16fU1M,https://www.olx.pl/d/oferta/mieszkanie-3-pokoje-ksm-64-2-m-idealne-dla-rodziny-szkola-sklepy-CID3-ID16fU1M.html,"Mieszkanie 3 pokoje KSM 64,2 m² – idealne dla rodziny, szkoła, sklepy",557 000 zł,Kielce - Odświeżono Dzisiaj o 12:52,"64,20 m² - 8676.01 zł/m²",kielce,2025-07-13 22:46:33,sprzedaz,,,,,,,,
53,ID16vcZM,https://www.olx.pl/d/oferta/klimatyczne-z-miejscem-parkingowym-wszystko-blisko-CID3-ID16vcZM.html,Klimatyczne z miejscem parkingowym wszystko blisko,300 000 zł,Kielce - Odświeżono Dzisiaj o 20:43,29 m² - 10344.83 zł/m²,kielce,2025-07-13 22:46:33,sprzedaz,,,,,,,,
54,ID4vN3Z,https://www.olx.plhttps://www.otodom.pl/pl/oferta/przytulne-mieszkanie-2-pokojowe-z-osobna-kuchnia-ID4vN3Z.html,Przytulne mieszkanie 2 pokojowe z osobną kuchnią,329 000 zł,Kielce - Dzisiaj o 07:59,45 m² - 7311.11 zł/m²,kielce,2025-07-13 22:46:33,sprzedaz,,,,,,,,
55,ID4xd8R,https://www.olx.plhttps://www.otodom.pl/pl/oferta/dwustronnefunkcjonalneduza-piwnicazalew-kieleckigaleria-echo-ID4xd8R.html,⭐Dwustronne⭐Funkcjonalne⭐Duża piwnica⭐Zalew Kielecki⭐Galeria ECHO⭐,340 000 zł,Kielce - 10 lipca 2025,42 m² - 8095.24 zł/m²,kielce,2025-07-13 22:46:33,sprzedaz,,,,,,,,
56,ID4xe2U,https://www.olx.plhttps://www.otodom.pl/pl/oferta/-ID4xe2U.html,"Mieszkanie, Kielce",435 000 zł,Kielce - 11 lipca 2025,47 m² - 9255.32 zł/m²,kielce,2025-07-13 22:46:33,sprzedaz,,,,,,,,
57,ID16Br4U,https://www.olx.pl/d/oferta/mieszkanie-2-pokojowe-os-swietokrzyskie-1-pietro-CID3-ID16Br4U.html,Mieszkanie 2 pokojowe os. Świętokrzyskie 1 pietro,498 000 złdo negocjacji,Kielce - Dzisiaj o 19:50,48 m² - 10375 zł/m²,kielce,2025-07-13 22:46:33,sprzedaz,,,,,,,,
58,ID16x8YD,https://www.olx.pl/d/oferta/sprzedam-mieszkanie-55-29m2-ul-galenowa-os-podkarczowka-CID3-ID16x8YD.html,"Sprzedam mieszkanie 55,29m2 ul. Galenowa oś. Podkarczówka",490 000 złdo negocjacji,Kielce - Odświeżono Dzisiaj o 18:50,"55,29 m² - 8862.36 zł/m²",kielce,2025-07-13 22:46:33,sprzedaz,,,,,,,,
59,ID4v3EN,https://www.olx.plhttps://www.otodom.pl/pl/oferta/sikorskiego-kawalerka-w-stanie-deweloperskim-ID4v3EN.html,Sikorskiego - Kawalerka w stanie deweloperskim,314 000 zł,Kielce - Dzisiaj o 07:58,"26,24 m² - 11966.46 zł/m²",kielce,2025-07-13 22:46:33,sprzedaz,,,,,,,,
60,ID16uGUt,https://www.olx.pl/d/oferta/mieszkanie-48m-grunwaldzka-CID3-ID16uGUt.html,Mieszkanie 48m  grunwaldzka,430 000 złdo negocjacji,Kielce - Odświeżono Dzisiaj o 09:29,48 m² - 8958.33 zł/m²,kielce,2025-07-13 22:46:33,sprzedaz,,,,,,,,
61,ID16nxqh,https://www.olx.pl/d/oferta/na-sprzedaz-mieszkanie-3-pok-z-oddzielna-kuchnia-i-garderoba-sady-CID3-ID16nxqh.html,Na sprzedaż mieszkanie 3 pok. z oddzielną kuchnią i garderobą-Sady,629 000 zł,Kielce - 25 czerwca 2025,"58,90 m² - 10679.12 zł/m²",kielce,2025-07-13 22:46:33,sprzedaz,,,,,,,,
62,ID16qAm7,https://www.olx.pl/d/oferta/mieszkanie-4-pokojowe-wysoki-standard-CID3-ID16qAm7.html,Mieszkanie 4 pokojowe wysoki standard,818 750 złdo negocjacji,Kielce - Odświeżono dnia 11 lipca 2025,"65,50 m² - 12500 zł/m²",kielce,2025-07-13 22:46:33,sprzedaz,,,,,,,,
63,ID16aMRr,https://www.olx.pl/d/oferta/centrum-park-3-pokoje-60m2-2-tarasy-90m2-wysoki-standard-bezposre-CID3-ID16aMRr.html,"Centrum, park! 3 pokoje 60m2, 2 tarasy 90m2. Wysoki standard. Bezposre",820 000 zł,Kielce - Odświeżono dnia 12 lipca 2025,60 m² - 13666.67 zł/m²,kielce,2025-07-13 22:46:33,sprzedaz,,,,,,,,
64,ID4x3tW,https://www.olx.plhttps://www.otodom.pl/pl/oferta/mieszkanie-bezczynszowe-53-m2-3-pokoje-z-wlasnym-ogrodem-ID4x3tW.html,"Mieszkanie bezczynszowe 53 m2, 3 pokoje, z własnym ogrodem",461 000 zł,Kielce - 30 czerwca 2025,53 m² - 8698.11 zł/m²,kielce,2025-07-13 22:46:33,sprzedaz,,,,,,,,
65,ID4xaUH,https://www.olx.plhttps://www.otodom.pl/pl/oferta/generalny-remont-2-pokoje-kuchnia-prywatny-parking-ID4xaUH.html,Generalny Remont | 2 Pokoje + kuchnia | Prywatny Parking,340 000 zł,Kielce - 08 lipca 2025,37 m² - 9189.19 zł/m²,kielce,2025-07-13 22:46:33,sprzedaz,,,,,,,,
66,ID4xcM6,https://www.olx.plhttps://www.otodom.pl/pl/oferta/2-pokojowe-mieszkanie-36-m-kielce-ul-kollataja-ID4xcM6.html,"2- pokojowe mieszkanie 36 m² – Kielce, ul. Kołłątaja",273 000 zł,Kielce - 09 lipca 2025,36 m² - 7583.33 zł/m²,kielce,2025-07-13 22:46:33,sprzedaz,,,,,,,,
67,ID4x8gG,https://www.olx.plhttps://www.otodom.pl/pl/oferta/generalny-remont-mieszkanie-2-pokojowe-na-4-pietrze-z-winda-ID4x8gG.html,Generalny remont - mieszkanie 2 -pokojowe na 4 pietrze z windą.,390 000 zł,Kielce - 04 lipca 2025,"39,64 m² - 9838.55 zł/m²",kielce,2025-07-13 22:46:33,sprzedaz,,,,,,,,
68,ID16Br4r,https://www.olx.pl/d/oferta/sprzedam-mieszkanie-37m2-CID3-ID16Br4r.html,Sprzedam mieszkanie 37m2,340 000 złdo negocjacji,Kielce - Dzisiaj o 19:53,37 m² - 9189.19 zł/m²,kielce,2025-07-13 22:46:33,sprzedaz,,,,,,,,
69,ID4vQRe,https://www.olx.plhttps://www.otodom.pl/pl/oferta/okazja-mieszkanie-na-stoku-2-pok-rezerwacja-ID4vQRe.html,Okazja/Mieszkanie/Na Stoku/2 pok./Rezerwacja,315 000 zł,Kielce - 16 czerwca 2025,"39,60 m² - 7954.55 zł/m²",kielce,2025-07-13 22:46:33,sprzedaz,,,,,,,,
70,ID15aZS1,https://www.olx.pl/d/oferta/mieszkanie-na-sprzedaz-ul-klonowa-CID3-ID15aZS1.html,Mieszkanie na sprzedaż - ul. Klonowa,509 000 zł,Kielce - Odświeżono Dzisiaj o 07:38,54 m² - 9425.93 zł/m²,kielce,2025-07-13 22:46:33,sprzedaz,,,,,,,,
71,ID4xa1q,https://www.olx.plhttps://www.otodom.pl/pl/oferta/3-pokojowe-mieszkanie-patio-vita-59-39m2-ID4xa1q.html,"3-pokojowe mieszkanie  Patio Vita 59,39m2",669 000 zł,Kielce - 08 lipca 2025,"59,39 m² - 11264.52 zł/m²",kielce,2025-07-13 22:46:33,sprzedaz,,,,,,,,
72,ID4xfnN,https://www.olx.plhttps://www.otodom.pl/pl/oferta/na-sprzedaz-mieszkanie-42-30-m2-ul-struga-ID4xfnN.html,Na sprzedaż mieszkanie 42.30 m2 ul. Struga,355 000 zł,Kielce - Dzisiaj o 17:00,"42,30 m² - 8392.43 zł/m²",kielce,2025-07-13 22:46:33,sprzedaz,,,,,,,,
73,ID4wbpS,https://www.olx.plhttps://www.otodom.pl/pl/oferta/przestronne-3-pokojowe-mieszkanie-ID4wbpS.html,Przestronne 3 pokojowe mieszkanie,469 000 zł,Kielce - 25 czerwca 2025,50 m² - 9380 zł/m²,kielce,2025-07-13 22:46:33,sprzedaz,,,,,,,,
74,ID16qSF2,https://www.olx.pl/d/oferta/rezerwacja-3-pokoje-po-remoncie-gotowe-do-zamieszkania-przy-politech-CID3-ID16qSF2.html,REZERWACJA 3 pokoje po remoncie|Gotowe do zamieszkania|przy Politech,519 999 złdo negocjacji,Kielce - Odświeżono dnia 12 lipca 2025,"54,50 m² - 9541.27 zł/m²",kielce,2025-07-13 22:46:33,sprzedaz,,,,,,,,
75,ID4vYOK,https://www.olx.plhttps://www.otodom.pl/pl/oferta/kup-mieszkanie-w-1-etapie-zamieszkaj-w-2025-r-ID4vYOK.html,Kup mieszkanie w 1 Etapie - zamieszkaj w 2025 r.,549 000 zł,Kielce - 24 czerwca 2025,"46,86 m² - 11715.75 zł/m²",kielce,2025-07-13 22:46:33,sprzedaz,,,,,,,,
76,ID16mzLd,https://www.olx.pl/d/oferta/centrum-2-pietro-jasne-i-cieple-po-generalnym-remoncie-CID3-ID16mzLd.html,Centrum/ 2 piętro / jasne i ciepłe/ po generalnym remoncie,464 900 zł,Kielce - Odświeżono dnia 12 lipca 2025,48 m² - 9685.42 zł/m²,kielce,2025-07-13 22:46:33,sprzedaz,,,,,,,,
77,ID4xcxm,https://www.olx.plhttps://www.otodom.pl/pl/oferta/nowe-4-pokojowe-mieszkanie-dwa-balkony-parking-ID4xcxm.html,nowe 4 pokojowe mieszkanie dwa balkony parking,818 750 zł,Kielce - 10 lipca 2025,"65,50 m² - 12500 zł/m²",kielce,2025-07-13 22:46:33,sprzedaz,,,,,,,,
78,ID4x8fN,https://www.olx.plhttps://www.otodom.pl/pl/oferta/nowe-mieszkanie-3-pokoje-wykonczone-z-meblami-ID4x8fN.html,Nowe mieszkanie 3 pokoje - wykończone z meblami,645 000 zł,Kielce - 04 lipca 2025,62 m² - 10403.23 zł/m²,kielce,2025-07-13 22:46:33,sprzedaz,,,,,,,,
79,ID4vTDI,https://www.olx.plhttps://www.otodom.pl/pl/oferta/bezczynszowe-herby-kielce-ID4vTDI.html,Bezczynszowe | Herby | Kielce,229 000 zł,Kielce - 04 lipca 2025,49 m² - 4673.47 zł/m²,kielce,2025-07-13 22:46:33,sprzedaz,,,,,,,,
80,ID4wD2Y,https://www.olx.plhttps://www.otodom.pl/pl/oferta/nowe-mieszkanie-70-m-bez-posrednika-ID4wD2Y.html,Nowe Mieszkanie 70 m bez pośrednika,575 000 zł,Kielce - 16 czerwca 2025,70 m² - 8214.29 zł/m²,kielce,2025-07-13 22:46:33,sprzedaz,,,,,,,,
81,ID4tmzM,https://www.olx.plhttps://www.otodom.pl/pl/oferta/mieszkanie-2-pokoje-ul-zamenhofa-kielce-ID4tmzM.html,Mieszkanie 2  pokoje ul. Zamenhofa Kielce,299 000 zł,Kielce - 07 lipca 2025,"39,50 m² - 7569.62 zł/m²",kielce,2025-07-13 22:46:33,sprzedaz,,,,,,,,
82,ID4vMvP,https://www.olx.plhttps://www.otodom.pl/pl/oferta/bezposrednio-2-pokoje-po-remoncie-swietna-lokalizacja-kredyt-ID4vMvP.html,BEZPOŚREDNIO 2-pokoje | po remoncie | świetna lokalizacja | kredyt,359 000 zł,Kielce - 09 czerwca 2025,"39,90 m² - 8997.49 zł/m²",kielce,2025-07-13 22:46:33,sprzedaz,,,,,,,,
83,ID4vLzB,https://www.olx.plhttps://www.otodom.pl/pl/oferta/mieszkanie-2-pietro-ksm-balkon-po-remoncie-ID4vLzB.html,"Mieszkanie 2 piętro, Ksm, balkon po remoncie",369 000 zł,Kielce - 16 czerwca 2025,"37,40 m² - 9866.31 zł/m²",kielce,2025-07-13 22:46:33,sprzedaz,,,,,,,,
84,ID4x6R6,https://www.olx.plhttps://www.otodom.pl/pl/oferta/sprzedam-2-pokojowe-mieszkanie-na-osiedlu-barwinek-ID4x6R6.html,Sprzedam 2 pokojowe mieszkanie na osiedlu Barwinek,355 000 zł,Kielce - Dzisiaj o 12:54,"45,18 m² - 7857.46 zł/m²",kielce,2025-07-13 22:46:33,sprzedaz,,,,,,,,
85,ID4xfBl,https://www.olx.plhttps://www.otodom.pl/pl/oferta/przytulne-mieszkanie-43-m-do-zamieszkania-ID4xfBl.html,Przytulne mieszkanie 43 m do zamieszkania,390 000 zł,Kielce - Dzisiaj o 13:01,43 m² - 9069.77 zł/m²,kielce,2025-07-13 22:46:33,sprzedaz,,,,,,,,
86,ID16uHny,https://www.olx.pl/d/oferta/mieszkanie-baranowek-43-92-m2-miejsce-parkingowe-komorka-blisko-las-CID3-ID16uHny.html,"Mieszkanie Baranówek 43,92 m2 miejsce parkingowe komórka blisko las !",495 000 zł,Kielce - 05 lipca 2025,"43,92 m² - 11270.49 zł/m²",kielce,2025-07-13 22:46:33,sprzedaz,,,,,,,,
87,ID16k26y,https://www.olx.pl/d/oferta/okazja-mieszkanie-1-pokojowe-do-odswiezenia-23m-1-pietro-4-ul-lecha-CID3-ID16k26y.html,Okazja!Mieszkanie 1 pokojowe do odświeżenia 23m 1 piętro/4 ul.Lecha,211 000 zł,Kielce - 21 czerwca 2025,23 m² - 9173.91 zł/m²,kielce,2025-07-13 22:46:33,sprzedaz,,,,,,,,
88,ID4x4Vs,https://www.olx.plhttps://www.otodom.pl/pl/oferta/ladne-mieszkanie-w-dobrej-lokalizacji-ID4x4Vs.html,Ładne mieszkanie w dobrej lokalizacji,435 000 zł,Kielce - 01 lipca 2025,"50,50 m² - 8613.86 zł/m²",kielce,2025-07-13 22:46:33,sprzedaz,,,,,,,,
89,ID4t9EH,https://www.olx.plhttps://www.otodom.pl/pl/oferta/2-pokoje-40m2-ogrodek-60m-stan-deweloperski-ID4t9EH.html,2 pokoje 40m2 ogródek 60m stan deweloperski,380 000 zł,Kielce - 10 lipca 2025,40 m² - 9500 zł/m²,kielce,2025-07-13 22:46:33,sprzedaz,,,,,,,,
90,ID444IA,https://www.olx.plhttps://www.otodom.pl/pl/oferta/nowe-bezczynszowe-ogrod-tarasy-ogrze-podlogowe-ID444IA.html,"Nowe bezczynszowe, ogród, tarasy, ogrze. podłogowe",510 000 zł,Kielce - 01 lipca 2025,86 m² - 5930.23 zł/m²,kielce,2025-07-13 22:46:33,sprzedaz,,,,,,,,
91,ID4vNc3,https://www.olx.plhttps://www.otodom.pl/pl/oferta/rozstawne-2-pok-widna-kuchnia-ID4vNc3.html,Rozstawne 2 pok + widna kuchnia,309 000 zł,Kielce - 26 czerwca 2025,"46,20 m² - 6688.31 zł/m²",kielce,2025-07-13 22:46:33,sprzedaz,,,,,,,,
92,ID4wDxf,https://www.olx.plhttps://www.otodom.pl/pl/oferta/atrakcyjna-cicha-okolica-3-pokoje-z-2-balkonami-ID4wDxf.html,"Atrakcyjna, cicha okolica, 3 pokoje z 2 balkonami!",359 000 zł,Kielce - 17 czerwca 2025,"48,30 m² - 7432.71 zł/m²",kielce,2025-07-13 22:46:33,sprzedaz,,,,,,,,
93,ID4vqml,https://www.olx.plhttps://www.otodom.pl/pl/oferta/mieszkanie-na-sprzedaz-2-pokoje-45m2-ID4vqml.html,Mieszkanie na sprzedaż 2 pokoje 45m2,384 000 zł,Kielce - 23 czerwca 2025,"44,50 m² - 8629.21 zł/m²",kielce,2025-07-13 22:46:33,sprzedaz,,,,,,,,
94,ID4wo1p,https://www.olx.plhttps://www.otodom.pl/pl/oferta/mieszkanie-na-sprzedaz-kielce-2-pokoje-39-90m2-ID4wo1p.html,"Mieszkanie na sprzedaż Kielce 2 Pokoje 39,90m2",299 000 zł,Kielce - 30 czerwca 2025,"39,90 m² - 7493.73 zł/m²",kielce,2025-07-13 22:46:33,sprzedaz,,,,,,,,
95,ID4xaLE,https://www.olx.plhttps://www.otodom.pl/pl/oferta/2-pietro-2-balkony-po-generalnym-remonice-ID4xaLE.html,2 piętro / 2 balkony / po generalnym remonice /,465 000 zł,Kielce - 07 lipca 2025,48 m² - 9687.5 zł/m²,kielce,2025-07-13 22:46:33,sprzedaz,,,,,,,,
96,ID4x2jg,https://www.olx.plhttps://www.otodom.pl/pl/oferta/mieszkanie-w-nowoczesnym-stylu-po-generalnym-remoncie-ID4x2jg.html,Mieszkanie w nowoczesnym stylu po generalnym remoncie,451 200 zł,Kielce - 27 czerwca 2025,47 m² - 9600 zł/m²,kielce,2025-07-13 22:46:33,sprzedaz,,,,,,,,
97,ID4xbfy,https://www.olx.plhttps://www.otodom.pl/pl/oferta/komfortowe-nowe-mieszkanie-z-naroznym-balkonem-osiedle-bella-vista-ID4xbfy.html,"Komfortowe, Nowe Mieszkanie z narożnym balkonem – Osiedle Bella Vista",565 000 zł,Kielce - 08 lipca 2025,"43,50 m² - 12988.51 zł/m²",kielce,2025-07-13 22:46:33,sprzedaz,,,,,,,,
98,ID4x6Iw,https://www.olx.plhttps://www.otodom.pl/pl/oferta/przestronne-3-pokojowe-mieszkanie-z-balkonem-ID4x6Iw.html,Przestronne  3-pokojowe mieszkanie z balkonem,620 000 zł,Kielce - 02 lipca 2025,"64,60 m² - 9597.52 zł/m²",kielce,2025-07-13 22:46:33,sprzedaz,,,,,,,,
99,ID164RVx,https://www.olx.pl/d/oferta/wynajme-3-pokojowe-mieszkanie-przy-skytower-CID3-ID164RVx.html,Wynajmę 3-pokojowe mieszkanie przy Skytower,3 200 złdo negocjacji,"Wrocław, Stare Miasto - Odświeżono Dzisiaj o 18:27",60 m²,wroclaw,2025-07-13 22:46:38,wynajem,,,,,,,,
100,ID16z9dQ,https://www.olx.pl/d/oferta/dwupokojowe-50m-blisko-centrum-CID3-ID16z9dQ.html,"Dwupokojowe,50m,blisko centrum.",3 100 zł,"Wrocław, Stare Miasto - Odświeżono dnia 11 lipca 2025",51 m²,wroclaw,2025-07-13 22:46:38,wynajem,,,,,,,,
101,ID160MDv,https://www.olx.pl/d/oferta/mieszkanie-1-pokojowe-kawalerka-wroclaw-centrum-nowe-budownictwo-CID3-ID160MDv.html,"Mieszkanie 1-pokojowe, kawalerka, Wrocław, centrum, nowe budownictwo",2 190 zł,"Wrocław, Stare Miasto - Odświeżono dnia 10 lipca 2025",27 m²,wroclaw,2025-07-13 22:46:38,wynajem,,,,,,,,
102,ID16wgbo,https://www.olx.pl/d/oferta/mieszkanie-do-wynajecia-CID3-ID16wgbo.html,Mieszkanie do wynajęcia,3 300 zł,"Wrocław, Stare Miasto - Odświeżono Dzisiaj o 13:16",38 m²,wroclaw,2025-07-13 22:46:38,wynajem,,,,,,,,
103,ID16v9eW,https://www.olx.pl/d/oferta/kawalerka-od-zaraz-ul-dzialdowska-kowale-CID3-ID16v9eW.html,Kawalerka- Od zaraz -ul.Działdowska/Kowale,2 500 zł,"Wrocław, Psie Pole - Odświeżono Dzisiaj o 18:27",37 m²,wroclaw,2025-07-13 22:46:38,wynajem,,,,,,,,
104,ID16rron,https://www.olx.pl/d/oferta/duza-kawalerka-od-15-07-bez-posrednikow-pets-friendly-CID3-ID16rron.html,Duża Kawalerka | Od 15.07 | Bez Pośredników | Pets Friendly,2 650 zł,"Wrocław, Stare Miasto - Odświeżono Dzisiaj o 12:14",35 m²,wroclaw,2025-07-13 22:46:38,wynajem,,,,,,,,
105,ID16tU5n,https://www.olx.pl/d/oferta/mieszkanie-2-pokojowe-38-m2-kepa-mieszczanska-centrum-CID3-ID16tU5n.html,Mieszkanie 2-pokojowe - 38 m2/Kępa Mieszczańska/Centrum /,2 950 zł,"Wrocław, Śródmieście - Odświeżono Dzisiaj o 13:20",38 m²,wroclaw,2025-07-13 22:46:38,wynajem,,,,,,,,
106,ID16rqxA,https://www.olx.pl/d/oferta/kawalerka-pets-friendly-bez-prowizji-od-zaraz-CID3-ID16rqxA.html,Kawalerka | Pets Friendly | Bez Prowizji | Od Zaraz,2 350 zł,"Wrocław, Stare Miasto - Odświeżono Dzisiaj o 12:14",25 m²,wroclaw,2025-07-13 22:46:38,wynajem,,,,,,,,
107,ID16xUlq,https://www.olx.pl/d/oferta/mieszkanie-5-pokojowe-CID3-ID16xUlq.html,Mieszkanie 5 pokojowe,4 600 zł,"Wrocław, Krzyki - Odświeżono Dzisiaj o 18:11",78 m²,wroclaw,2025-07-13 22:46:38,wynajem,,,,,,,,
108,ID16p8s3,https://www.olx.pl/d/oferta/kawalerka-na-wynajem-blisko-uniwersytet-wsb-i-dsw-od-01-07-2025-CID3-ID16p8s3.html,Kawalerka na wynajem blisko Uniwersytet WSB i DSW od 01.07.2025,1 900 zł,"Wrocław, Stare Miasto - Odświeżono Dzisiaj o 10:21",17 m²,wroclaw,2025-07-13 22:46:38,wynajem,,,,,,,,
109,ID16nfO8,https://www.olx.pl/d/oferta/apartament-88m2-olimpia-port-na-wynajem-CID3-ID16nfO8.html,Apartament 88m2 Olimpia Port- na wynajem,5 100 zł,"Wrocław, Śródmieście - Odświeżono Dzisiaj o 14:21",88 m²,wroclaw,2025-07-13 22:46:38,wynajem,,,,,,,,
110,ID16wD6h,https://www.olx.pl/d/oferta/mieszkanie-2pokojowe-z-klimatyzacja-miejsce-w-garazu-olimpia-port-CID3-ID16wD6h.html,MIESZKANIE 2pokojowe z klimatyzacją + miejsce w garażu / OLIMPIA PORT,3 400 zł,"Wrocław, Śródmieście - Odświeżono Dzisiaj o 09:33",55 m²,wroclaw,2025-07-13 22:46:38,wynajem,,,,,,,,
111,ID16wZIi,https://www.olx.pl/d/oferta/2-pokojowe-mieszkanie-klimatyzacja-ul-polaka-pl-grunwaldzki-CID3-ID16wZIi.html,"2 pokojowe mieszkanie, KLIMATYZACJA – ul. Polaka / pl. Grunwaldzki",3 300 zł,"Wrocław, Śródmieście - Odświeżono Dzisiaj o 15:42",40 m²,wroclaw,2025-07-13 22:46:38,wynajem,,,,,,,,
112,ID15M3Oh,https://www.olx.pl/d/oferta/wynajem-2-pokojowego-mieszkania-w-kamienicy-powstancow-sl-od-1-09-2025-CID3-ID15M3Oh.html,Wynajem 2-pokojowego mieszkania w kamienicy Powstańców Śl od 1.09.2025,2 800 zł,"Wrocław, Krzyki - 10 lipca 2025",60 m²,wroclaw,2025-07-13 22:46:38,wynajem,,,,,,,,
113,ID16y9o2,https://www.olx.pl/d/oferta/wynajme-komfortowe-mieszkanie-1-pokojowe-na-ul-mieleckiej-CID3-ID16y9o2.html,"Wynajmę, komfortowe mieszkanie 1 pokojowe na ul.  Mieleckiej",2 100 złdo negocjacji,"Wrocław, Stare Miasto - Odświeżono dnia 11 lipca 2025",30 m²,wroclaw,2025-07-13 22:46:38,wynajem,,,,,,,,
114,ID16uB7a,https://www.olx.pl/d/oferta/mieszkanie-do-wynajecia-centrum-wroclawia-CID3-ID16uB7a.html,Mieszkanie do wynajęcia - centrum Wrocławia,2 700 zł,"Wrocław, Śródmieście - Odświeżono Dzisiaj o 08:22",78 m²,wroclaw,2025-07-13 22:46:38,wynajem,,,,,,,,
115,ID16oYKp,https://www.olx.pl/d/oferta/wygodne-mieszkanie-nad-odra-2-pokoje-olimpia-port-zwierzeta-dozwolone-CID3-ID16oYKp.html,Wygodne mieszkanie nad Odrą 2 pokoje OLIMPIA PORT zwierzęta dozwolone,3 000 zł,"Wrocław, Śródmieście - Odświeżono Dzisiaj o 13:18",45 m²,wroclaw,2025-07-13 22:46:38,wynajem,,,,,,,,
116,ID16v9m9,https://www.olx.pl/d/oferta/kawalerka-28m2-boczna-legnickiej-2km-od-rynku-300zl-wszystkie-oplaty-CID3-ID16v9m9.html,"Kawalerka 28m2 boczna Legnickiej, 2km od Rynku, 300zł wszystkie opłaty",2 600 zł,"Wrocław, Stare Miasto - Odświeżono Dzisiaj o 18:24",28 m²,wroclaw,2025-07-13 22:46:38,wynajem,,,,,,,,
117,ID16vFrt,https://www.olx.pl/d/oferta/wynajme-mieszkanie-2-pokojowe-wroclaw-grunwaldzka-CID3-ID16vFrt.html,Wynajmę mieszkanie 2 pokojowe Wrocław Grunwaldzka,3 500 zł,"Wrocław, Stare Miasto - Odświeżono Dzisiaj o 10:24",40 m²,wroclaw,2025-07-13 22:46:38,wynajem,,,,,,,,
118,ID16vjmZ,https://www.olx.pl/d/oferta/kawalerka-wroclaw-plac-grunwaldzki-wynajem-od-zaraz-CID3-ID16vjmZ.html,Kawalerka Wrocław Plac Grunwaldzki wynajem OD ZARAZ,2 300 zł,"Wrocław, Stare Miasto - Odświeżono dnia 12 lipca 2025",27 m²,wroclaw,2025-07-13 22:46:38,wynajem,,,,,,,,
119,ID16risi,https://www.olx.pl/d/oferta/do-wynajecia-mieszkanie-3-pokojowe-na-oltaszynie-CID3-ID16risi.html,Do wynajęcia mieszkanie 3-pokojowe na Ołtaszynie,3 500 zł,"Wrocław, Krzyki - Odświeżono Dzisiaj o 12:06",70 m²,wroclaw,2025-07-13 22:46:38,wynajem,,,,,,,,
120,ID16xbSK,https://www.olx.pl/d/oferta/mieszkanie-do-wynajecia-CID3-ID16xbSK.html,Mieszkanie do wynajęcia,2 000 zł,"Wrocław, Krzyki - Odświeżono Dzisiaj o 16:58",32 m²,wroclaw,2025-07-13 22:46:38,wynajem,,,,,,,,
121,ID16lxxQ,https://www.olx.pl/d/oferta/atrakcyjne-2-pokojowe-idealna-lokalizacja-CID3-ID16lxxQ.html,"Atrakcyjne 2-pokojowe, idealna lokalizacja",2 500 zł,"Wrocław, Stare Miasto - Odświeżono Dzisiaj o 08:41",35 m²,wroclaw,2025-07-13 22:46:38,wynajem,,,,,,,,
122,ID166ac1,https://www.olx.pl/d/oferta/wynajme-mieszkanie-kuzniki-wroclaw-CID3-ID166ac1.html,Wynajmę  mieszkanie Kuzniki Wrocław,2 800 zł,"Wrocław, Krzyki - Odświeżono Dzisiaj o 13:06",39 m²,wroclaw,2025-07-13 22:46:38,wynajem,,,,,,,,
123,IDFNgdV,https://www.olx.pl/d/oferta/wynajme-kawalerke-w-centrum-wroclawia-na-grobli-CID3-IDFNgdV.html,Wynajmę kawalerkę w centrum Wrocławia Na Grobli,2 400 zł,"Wrocław, Stare Miasto - Odświeżono Dzisiaj o 15:20",26 m²,wroclaw,2025-07-13 22:46:38,wynajem,,,,,,,,
124,ID162q1U,https://www.olx.pl/d/oferta/wynajem-mieszkanko-z-tarasem-i-ogrodkiem-jagodno-CID3-ID162q1U.html,Wynajem mieszkanko z tarasem i ogródkiem Jagodno,2 800 zł,"Wrocław, Krzyki - 02 lipca 2025",27 m²,wroclaw,2025-07-13 22:46:38,wynajem,,,,,,,,
125,ID13UQ8D,https://www.olx.pl/d/oferta/wroclaw-ul-nobla-do-4-osob-okolica-uniwersytetu-CID3-ID13UQ8D.html,"Wrocław ul. Nobla, do 4 osób, okolica Uniwersytetu",2 800 zł,"Wrocław, Stare Miasto - Odświeżono Dzisiaj o 06:31",44 m²,wroclaw,2025-07-13 22:46:38,wynajem,,,,,,,,
126,ID16yjjo,https://www.olx.pl/d/oferta/mieszkanie-do-wynajecia-rozkladowe-nowe-budownictwo-grabiszynska-CID3-ID16yjjo.html,mieszkanie do wynajęcia rozkładowe nowe budownictwo grabiszyńska,2 900 złdo negocjacji,"Wrocław, Stare Miasto - Odświeżono dnia 12 lipca 2025",54 m²,wroclaw,2025-07-13 22:46:38,wynajem,,,,,,,,
127,ID15GiXw,https://www.olx.pl/d/oferta/mieszkanie-3-pokojowe-wroclaw-ul-dabrowskiego-CID3-ID15GiXw.html,"Mieszkanie 3-pokojowe Wrocław, ul. Dąbrowskiego",3 500 zł,"Wrocław, Stare Miasto - Dzisiaj o 09:27",50 m²,wroclaw,2025-07-13 22:46:38,wynajem,,,,,,,,
128,ID16noV1,https://www.olx.pl/d/oferta/ul-zakladowa-rozklad-meble-agd-balkon-garderoba-od-zaraz-CID3-ID16noV1.html,"ul. Zakładowa, rozkład, meble, agd, balkon, garderoba, od zaraz",3 200 zł,"Wrocław, Psie Pole - Odświeżono Dzisiaj o 14:24",58 m²,wroclaw,2025-07-13 22:46:38,wynajem,,,,,,,,
129,ID4xbyp,https://www.olx.plhttps://www.otodom.pl/pl/oferta/kawalerka-z-klimatyzacja-dworzec-nadodrze-ID4xbyp.html,Kawalerka z klimatyzacją | Dworzec Nadodrze,1 975 zł,Wrocław - 08 lipca 2025,27 m²,wroclaw,2025-07-13 22:46:38,wynajem,,,,,,,,
130,ID16w7yC,https://www.olx.pl/d/oferta/mieszkanie-3-pokojowe-przy-ul-kruszwickiej-CID3-ID16w7yC.html,Mieszkanie 3-pokojowe przy ul.Kruszwickiej!,3 200 zł,"Wrocław, Stare Miasto - Odświeżono Dzisiaj o 13:29",50 m²,wroclaw,2025-07-13 22:46:38,wynajem,,,,,,,,
131,ID4xbgu,https://www.olx.plhttps://www.otodom.pl/pl/oferta/nowe-mieszkanie-2-pokoje-w-centrum-balkon-ID4xbgu.html,Nowe Mieszkanie (2 pokoje) w centrum /BALKON,2 900 zł,"Wrocław, Śródmieście - 09 lipca 2025",35 m²,wroclaw,2025-07-13 22:46:38,wynajem,,,,,,,,
132,ID165TiZ,https://www.olx.pl/d/oferta/studio-mieszkanie-mlyn-maria-bezposrednio-CID3-ID165TiZ.html,Studio mieszkanie Młyn Maria - BEZPOŚREDNIO,2 500 zł,"Wrocław, Stare Miasto - Odświeżono Dzisiaj o 17:45",26 m²,wroclaw,2025-07-13 22:46:38,wynajem,,,,,,,,
133,ID168CIG,https://www.olx.pl/d/oferta/mieszkanie-2-pokojowe-wroclaw-w-poblizu-uwr-CID3-ID168CIG.html,Mieszkanie 2-pokojowe. Wrocław  - w pobliżu UWr,2 500 zł,"Wrocław, Stare Miasto - Odświeżono Dzisiaj o 09:59",50 m²,wroclaw,2025-07-13 22:46:38,wynajem,,,,,,,,
134,ID4xbUb,https://www.olx.plhttps://www.otodom.pl/pl/oferta/mieszkanie-przy-ul-reja-w-poblizu-placu-grunwaldzkiego-ID4xbUb.html,Mieszkanie przy ul. Reja w pobliżu Placu Grunwaldzkiego,1 600 zł,"Wrocław, Śródmieście - 08 lipca 2025",33 m²,wroclaw,2025-07-13 22:46:38,wynajem,,,,,,,,
135,ID4x7Zt,https://www.olx.plhttps://www.otodom.pl/pl/oferta/nowa-piekna-kawalerka-klimatyzacja-silownia-legnicka-ID4x7Zt.html,Nowa piękna kawalerka / klimatyzacja/ siłownia / Legnicka,2 200 zł,"Wrocław, Stare Miasto - 04 lipca 2025",19 m²,wroclaw,2025-07-13 22:46:38,wynajem,,,,,,,,
136,ID4x7NS,https://www.olx.plhttps://www.otodom.pl/pl/oferta/kawalerka-balkon-super-lokalizacja-ID4x7NS.html,Kawalerka | balkon | super lokalizacja,2 300 zł,"Wrocław, Fabryczna - 04 lipca 2025",36 m²,wroclaw,2025-07-13 22:46:38,wynajem,,,,,,,,
137,ID16zyfx,https://www.olx.pl/d/oferta/kawalerka-bez-prowizji-z-balkonem-i-jaworska-i-legnicka-wysoki-standar-CID3-ID16zyfx.html,Kawalerka bez prowizji z balkonem I Jaworska I Legnicka wysoki standar,2 350 zł,"Wrocław, Fabryczna - Odświeżono Dzisiaj o 14:05",27 m²,wroclaw,2025-07-13 22:46:38,wynajem,,,,,,,,
138,ID4cLV7,https://www.olx.plhttps://www.otodom.pl/pl/oferta/2-pokojowe-klimatyczne-mieszkanie-bez-posrednikow-ID4cLV7.html,"2-pokojowe klimatyczne mieszkanie, bez pośredników",3 200 zł,"Wrocław, Śródmieście - 23 czerwca 2025",37 m²,wroclaw,2025-07-13 22:46:38,wynajem,,,,,,,,
139,ID16xNVw,https://www.olx.pl/d/oferta/kawalerka-w-poblizu-dubois-26m-osobna-kuchnia-CID3-ID16xNVw.html,"Kawalerka w pobliżu Dubois, 26m, osobna kuchnia",2 200 zł,"Wrocław, Stare Miasto - Odświeżono Dzisiaj o 12:35",28 m²,wroclaw,2025-07-13 22:46:38,wynajem,,,,,,,,
140,ID16hTVH,https://www.olx.pl/d/oferta/dwupokojowe-mieszkanie-51m-z-klimatyzacja-bez-posrednikow-CID3-ID16hTVH.html,Dwupokojowe mieszkanie 51m² z klimatyzacją – bez pośredników!,3 200 zł,"Wrocław, Stare Miasto - Odświeżono Dzisiaj o 12:39",51 m²,wroclaw,2025-07-13 22:46:38,wynajem,,,,,,,,
141,ID4xbph,https://www.olx.plhttps://www.otodom.pl/pl/oferta/kawalerka-do-wynajecia-26-m2-okolice-sky-tower-ID4xbph.html,"Kawalerka do wynajęcia, 26 m2, okolice Sky Tower.",1 800 zł,Wrocław - 08 lipca 2025,26 m²,wroclaw,2025-07-13 22:46:38,wynajem,,,,,,,,
142,ID16txhO,https://www.olx.pl/d/oferta/2-pokoje-rezydencja-dubois-wyspa-slodowa-rynek-widok-za-oknem-CID3-ID16txhO.html,2 pokoje | Rezydencja Dubois | Wyspa Słodowa & Rynek | widok za oknem,3 000 zł,"Wrocław, Stare Miasto - Odświeżono dnia 12 lipca 2025",42 m²,wroclaw,2025-07-13 22:46:38,wynajem,,,,,,,,
143,ID4vZDs,https://www.olx.plhttps://www.otodom.pl/pl/oferta/bierutowska-park-kawalerka-na-wynajem-od-zaraz-ID4vZDs.html,Bierutowska Park - Kawalerka Na Wynajem Od Zaraz,1 500 zł,"Wrocław, Psie Pole - 30 czerwca 2025","18,11 m²",wroclaw,2025-07-13 22:46:38,wynajem,,,,,,,,
144,ID16wu4C,https://www.olx.pl/d/oferta/luksusowe-nowe-klimatyzowane-mieszkanie-na-starym-miescie-CID3-ID16wu4C.html,"Luksusowe, nowe, klimatyzowane mieszkanie na Starym Mieście!",3 100 zł,"Wrocław, Stare Miasto - Odświeżono Dzisiaj o 09:06",33 m²,wroclaw,2025-07-13 22:46:38,wynajem,,,,,,,,
145,ID4x3Ou,https://www.olx.plhttps://www.otodom.pl/pl/oferta/kawalerka-w-ok-uniwersytetu-ekonomicznego-ID4x3Ou.html,Kawalerka w ok. Uniwersytetu Ekonomicznego!,1 900 zł,"Wrocław, Krzyki - 30 czerwca 2025",25 m²,wroclaw,2025-07-13 22:46:38,wynajem,,,,,,,,
146,ID4p9IL,https://www.olx.plhttps://www.otodom.pl/pl/oferta/dwupokojowe-mieszkanie-z-ogrodkiem-ul-ubocze-ID4p9IL.html,"Dwupokojowe mieszkanie z ogródkiem, ul. Ubocze",2 500 zł,"Wrocław, Psie Pole - 09 lipca 2025",45 m²,wroclaw,2025-07-13 22:46:38,wynajem,,,,,,,,
147,ID16xHmK,https://www.olx.pl/d/oferta/krzyki-ksieze-male-kawalerka-garderoba-balkon-CID3-ID16xHmK.html,Krzyki_Księże Małe_kawalerka_garderoba_balkon,2 300 zł,"Wrocław, Krzyki - 09 lipca 2025",29 m²,wroclaw,2025-07-13 22:46:38,wynajem,,,,,,,,
148,ID15q2Cc,https://www.olx.pl/d/oferta/mieszkanie-3-pokojowe-CID3-ID15q2Cc.html,Mieszkanie 3-pokojowe,3 600 zł,"Wrocław, Fabryczna - Odświeżono Dzisiaj o 07:24","48,80 m²",wroclaw,2025-07-13 22:46:38,wynajem,,,,,,,,
149,ID16glJ3,https://www.olx.pl/d/oferta/3-pokoje-ul-igielna-rynek-wroclawia-bezposrednio-od-wlasciciela-CID3-ID16glJ3.html,"3 pokoje, ul Igielna Rynek Wrocławia bezpośrednio od właściciela",699 200 złdo negocjacji,"Wrocław, Stare Miasto - Odświeżono dnia 10 lipca 2025",47 m² - 14876.6 zł/m²,wroclaw,2025-07-13 22:46:42,sprzedaz,,,,,,,,
150,ID4xc4w,https://www.olx.plhttps://www.otodom.pl/pl/oferta/idealne-na-start-balkon-silownia-ID4xc4w.html,Idealne na start! Balkon + siłownia!,486 000 zł,"Wrocław, Krzyki - 11 lipca 2025","30,40 m² - 15986.84 zł/m²",wroclaw,2025-07-13 22:46:42,sprzedaz,,,,,,,,
151,ID14w0GB,https://www.olx.pl/d/oferta/sprzedam-studio-kawalerka-26m2-wroclaw-super-lokalizacja-CID3-ID14w0GB.html,Sprzedam | Studio | Kawalerka | 26m2 | Wrocław | Super lokalizacja!,499 000 zł,"Wrocław, Śródmieście - 12 lipca 2025",26 m² - 19192.31 zł/m²,wroclaw,2025-07-13 22:46:42,sprzedaz,,,,,,,,
152,ID16kneu,https://www.olx.pl/d/oferta/gotowa-kawalerka-bezposrednio-na-grabiszynskiej-CID3-ID16kneu.html,Gotowa Kawalerka bezpośrednio na Grabiszyńskiej.,399 000 zł,"Wrocław, Stare Miasto - Odświeżono Dzisiaj o 16:28",25 m² - 15960 zł/m²,wroclaw,2025-07-13 22:46:42,sprzedaz,,,,,,,,
153,ID16wrTK,https://www.olx.pl/d/oferta/3-pokojowe-mieszkanie-we-wroclawiu-jagodno-CID3-ID16wrTK.html,"3 pokojowe mieszkanie we Wrocławiu, Jagodno",750 000 złdo negocjacji,"Wrocław, Krzyki - Odświeżono Dzisiaj o 20:27","56,69 m² - 13229.85 zł/m²",wroclaw,2025-07-13 22:46:42,sprzedaz,,,,,,,,
154,ID16wmqb,https://www.olx.pl/d/oferta/mieszkanie-3-pokojowe-wysoki-standard-CID3-ID16wmqb.html,"Mieszkanie 3 pokojowe, wysoki standard",1 200 000 zł,"Wrocław, Krzyki - Odświeżono Dzisiaj o 18:26","62,90 m² - 19077.9 zł/m²",wroclaw,2025-07-13 22:46:42,sprzedaz,,,,,,,,
155,ID16kOw4,https://www.olx.pl/d/oferta/mieszkanie-chorwacka-3-pok-60m2-dwustronne-rozklad-bezposrednio-CID3-ID16kOw4.html,"Mieszkanie, Chorwacka, 3-pok, 60m2, dwustronne, rozkład, bezpośrednio",679 000 złdo negocjacji,"Wrocław, Psie Pole - Odświeżono Dzisiaj o 20:33","60,10 m² - 11297.84 zł/m²",wroclaw,2025-07-13 22:46:42,sprzedaz,,,,,,,,
156,ID4x0gW,https://www.olx.plhttps://www.otodom.pl/pl/oferta/prawdziwa-okazja-inwestycyjna-centrum-wroclawia-4-mieszkania-8-pokoi-ID4x0gW.html,"Prawdziwa OKAZJA Inwestycyjna CENTRUM Wrocławia 4 mieszkania, 8 pokoi",989 000 zł,Wrocław - Odświeżono Dzisiaj o 18:15,130 m² - 7607.69 zł/m²,wroclaw,2025-07-13 22:46:42,sprzedaz,,,,,,,,
157,ID14hIpz,https://www.olx.pl/d/oferta/mieszkanie-2-pokoje-inzynierska-po-remoncie-bardzo-wysoki-standard-CID3-ID14hIpz.html,"Mieszkanie 2 pokoje, Inżynierska, po remoncie, bardzo wysoki standard",570 000 zł,"Wrocław, Stare Miasto - Odświeżono dnia 12 lipca 2025",35 m² - 16285.71 zł/m²,wroclaw,2025-07-13 22:46:42,sprzedaz,,,,,,,,
158,ID16nn4t,https://www.olx.pl/d/oferta/2-pokoje-garderoba-balkon-klima-po-generalnym-remoncie-CID3-ID16nn4t.html,"2 pokoje, garderoba, balkon, KLIMA, po GENERALNYM Remoncie",599 000 złdo negocjacji,"Wrocław, Fabryczna - Odświeżono Dzisiaj o 16:48",39 m² - 15358.97 zł/m²,wroclaw,2025-07-13 22:46:42,sprzedaz,,,,,,,,
159,ID16rdBz,https://www.olx.pl/d/oferta/2-pokoje-uniwersytet-po-generalnym-remoncie-wyposazone-prywatnie-CID3-ID16rdBz.html,2 pokoje | Uniwersytet | Po generalnym remoncie| Wyposażone |Prywatnie,625 000 zł,"Wrocław, Krzyki - Odświeżono Dzisiaj o 10:38",42 m² - 14880.95 zł/m²,wroclaw,2025-07-13 22:46:42,sprzedaz,,,,,,,,
160,ID4xc9J,https://www.olx.plhttps://www.otodom.pl/pl/oferta/swietna-inwestycja-do-remontu-do-mieszkania-i-pod-wynajem-na-olbinie-ID4xc9J.html,Świetna inwestycja DO REMONTU do mieszkania i pod wynajem na Ołbinie,349 000 zł,"Wrocław, Śródmieście - 09 lipca 2025",38 m² - 9184.21 zł/m²,wroclaw,2025-07-13 22:46:42,sprzedaz,,,,,,,,
161,ID16wqAb,https://www.olx.pl/d/oferta/wszechstronna-kawalerka-w-scislym-centrum-wroclawia-CID3-ID16wqAb.html,Wszechstronna Kawalerka w ścislym centrum Wroclawia,475 000 zł,"Wrocław, Stare Miasto - Odświeżono Dzisiaj o 19:56","31,59 m² - 15036.4 zł/m²",wroclaw,2025-07-13 22:46:42,sprzedaz,,,,,,,,
162,ID4wxRt,https://www.olx.plhttps://www.otodom.pl/pl/oferta/rozklad-2-pokoje-plac-legionow-ID4wxRt.html,"Rozkład | 2 pokoje, plac Legionów",624 900 zł,Wrocław - 27 czerwca 2025,"48,32 m² - 12932.53 zł/m²",wroclaw,2025-07-13 22:46:42,sprzedaz,,,,,,,,
163,ID16j6gZ,https://www.olx.pl/d/oferta/mieszkanie-64m-na-sprzedaz-ul-gajowicka-bezposrednio-od-wlasciciela-CID3-ID16j6gZ.html,"Mieszkanie 64m na sprzedaż, ul. Gajowicka- Bezpośrednio od właściciela",775 000 złdo negocjacji,"Wrocław, Stare Miasto - Odświeżono dnia 11 lipca 2025",64 m² - 12109.38 zł/m²,wroclaw,2025-07-13 22:46:42,sprzedaz,,,,,,,,
164,ID4xbDu,https://www.olx.plhttps://www.otodom.pl/pl/oferta/2-pok-lodzka-zadbana-kamienica-ID4xbDu.html,"2 pok, Łódzka, zadbana kamienica!",449 000 zł,"Wrocław, Krzyki - 09 lipca 2025","55,70 m² - 8061.04 zł/m²",wroclaw,2025-07-13 22:46:42,sprzedaz,,,,,,,,
165,ID4i1QY,https://www.olx.plhttps://www.otodom.pl/pl/oferta/3-pokojowe-mieszkanie-w-centrum-bezposrednio-ID4i1QY.html,3-pokojowe mieszkanie w Centrum | Bezpośrednio!,525 000 zł,Wrocław - Odświeżono Dzisiaj o 08:19,48 m² - 10937.5 zł/m²,wroclaw,2025-07-13 22:46:42,sprzedaz,,,,,,,,
166,IDZAut7,https://www.olx.pl/d/oferta/2-pok-nowy-blok-urzadzone-premium-fitness-centrum-wroclaw-CID3-IDZAut7.html,"2 pok. nowy blok urządzone premium, fitness  Centrum Wrocław",720 000 zł,"Wrocław, Stare Miasto - Odświeżono Dzisiaj o 15:46",34 m² - 21176.47 zł/m²,wroclaw,2025-07-13 22:46:42,sprzedaz,,,,,,,,
167,ID4x8Jj,https://www.olx.plhttps://www.otodom.pl/pl/oferta/nowoczesne-wysoki-standard-nowe-balkon-garaz-bezposrednio-bez-pcc-ID4x8Jj.html,"Nowoczesne, Wysoki standard, Nowe, Balkon Garaż, bezpośrednio, bez PCC",675 000 zł,"Wrocław, Psie Pole - Odświeżono Dzisiaj o 11:20","43,50 m² - 15517.24 zł/m²",wroclaw,2025-07-13 22:46:42,sprzedaz,,,,,,,,
168,ID4vaF2,https://www.olx.plhttps://www.otodom.pl/pl/oferta/zarezerwowane-ID4vaF2.html,Zarezerwowane,190 000 zł,"Wrocław, Fabryczna - 02 lipca 2025","40,62 m² - 4677.5 zł/m²",wroclaw,2025-07-13 22:46:42,sprzedaz,,,,,,,,
169,ID16rrm0,https://www.olx.pl/d/oferta/ul-bystrzycka-3-pokoje-po-remoncie-CID3-ID16rrm0.html,ul. Bystrzycka - 3 pokoje po remoncie,747 500 zł,"Wrocław, Fabryczna - Odświeżono Dzisiaj o 14:09","53,40 m² - 13998.13 zł/m²",wroclaw,2025-07-13 22:46:42,sprzedaz,,,,,,,,
170,ID4sU6g,https://www.olx.plhttps://www.otodom.pl/pl/oferta/apartament-pl-solny-gotowy-obiekt-b-b-ID4sU6g.html,Apartament PL. SOLNY / gotowy obiekt B&B,1 290 000 zł,"Wrocław, Stare Miasto - 10 lipca 2025",75 m² - 17200 zł/m²,wroclaw,2025-07-13 22:46:42,sprzedaz,,,,,,,,
171,ID4vZWp,https://www.olx.plhttps://www.otodom.pl/pl/oferta/2-pok-mieszkanie-40-72-m-z-balkonem-psie-pole-ID4vZWp.html,"2-pok. mieszkanie 40,72 m² z balkonem – Psie Pole",524 000 zł,Wrocław - Odświeżono Dzisiaj o 10:46,"40,72 m² - 12868.37 zł/m²",wroclaw,2025-07-13 22:46:42,sprzedaz,,,,,,,,
172,ID4vco7,https://www.olx.plhttps://www.otodom.pl/pl/oferta/sloneczne-mieszkanie-otoczone-zielenia-z-miejscem-garazowym-ID4vco7.html,Słoneczne mieszkanie otoczone zielenią z miejscem garażowym,890 000 zł,"Wrocław, Psie Pole - Odświeżono Dzisiaj o 09:19",70 m² - 12714.29 zł/m²,wroclaw,2025-07-13 22:46:42,sprzedaz,,,,,,,,
173,ID4x5m0,https://www.olx.plhttps://www.otodom.pl/pl/oferta/3-pokoje-otoczone-zielenia-duzy-ogrod-dobra-lokalizacja-ID4x5m0.html,3 pokoje/ Otoczone zielenią/ duży ogród/ dobra lokalizacja,645 000 zł,"Wrocław, Psie Pole - 01 lipca 2025","71,85 m² - 8977.04 zł/m²",wroclaw,2025-07-13 22:46:42,sprzedaz,,,,,,,,
174,ID16rVqq,https://www.olx.pl/d/oferta/bez-posrednikow-grabiszyn-rozana-piekne-2-pok-umeblowane-piwnica-CID3-ID16rVqq.html,"Bez pośredników - Grabiszyn, Różana, piękne, 2 pok, umeblowane,piwnica",570 000 zł,"Wrocław, Fabryczna - 01 lipca 2025",34 m² - 16764.71 zł/m²,wroclaw,2025-07-13 22:46:42,sprzedaz,,,,,,,,
175,ID4vDB2,https://www.olx.plhttps://www.otodom.pl/pl/oferta/wygodne-mieszkanie-w-cichej-i-spokojnej-okolicy-ID4vDB2.html,Wygodne mieszkanie w cichej i spokojnej okolicy.,1 100 000 zł,"Wrocław, Psie Pole - 31 maja 2025",90 m² - 12222.22 zł/m²,wroclaw,2025-07-13 22:46:42,sprzedaz,,,,,,,,
176,ID4x4gb,https://www.olx.plhttps://www.otodom.pl/pl/oferta/sloneczne-2-pokojowe-w-swietnej-lokalizacji-ID4x4gb.html,Słoneczne 2 pokojowe w świetnej  lokalizacji,375 000 zł,"Wrocław, Krzyki - 30 czerwca 2025","29,08 m² - 12895.46 zł/m²",wroclaw,2025-07-13 22:46:42,sprzedaz,,,,,,,,
177,ID4x6eo,https://www.olx.plhttps://www.otodom.pl/pl/oferta/3-pokoje-z-klimatem-i-piwnica-zielona-okolica-ID4x6eo.html,3 pokoje z klimatem i piwnicą | Zielona okolica,459 000 zł,"Wrocław, Krzyki - 03 lipca 2025","41,17 m² - 11148.89 zł/m²",wroclaw,2025-07-13 22:46:42,sprzedaz,,,,,,,,
178,ID4x83D,https://www.olx.plhttps://www.otodom.pl/pl/oferta/okazja-3pok-do-remontu-tanio-superlokalizacja-ID4x83D.html,okazja-3pok-do remontu-tanio-superlokalizacja!,398 999 zł,"Wrocław, Psie Pole - 04 lipca 2025",45 m² - 8866.64 zł/m²,wroclaw,2025-07-13 22:46:42,sprzedaz,,,,,,,,
179,ID4x6Cu,https://www.olx.plhttps://www.otodom.pl/pl/oferta/bardzo-przestronne-4-pokoje-w-zielonej-okolicy-ID4x6Cu.html,Bardzo przestronne 4 pokoje w zielonej okolicy,675 000 zł,"Wrocław, Psie Pole - 08 lipca 2025","73,18 m² - 9223.83 zł/m²",wroclaw,2025-07-13 22:46:42,sprzedaz,,,,,,,,
180,ID4vrgr,https://www.olx.plhttps://www.otodom.pl/pl/oferta/wroclaw-2-pokoje-osobna-kuchnia-balkon-gotowe-do-zamieszkania-ID4vrgr.html,"Wrocław | 2 pokoje, osobna kuchnia, balkon | Gotowe do zamieszkania",464 000 zł,"Wrocław, Krzyki - 19 czerwca 2025","51,12 m² - 9076.68 zł/m²",wroclaw,2025-07-13 22:46:42,sprzedaz,,,,,,,,
181,ID4tSc1,https://www.olx.plhttps://www.otodom.pl/pl/oferta/tuz-przy-placu-bema-wyposazone-super-inwestycja-ID4tSc1.html,"tuż przy Placu Bema, Wyposażone, Super Inwestycja",359 000 zł,"Wrocław, Śródmieście - 12 lipca 2025","24,16 m² - 14859.27 zł/m²",wroclaw,2025-07-13 22:46:42,sprzedaz,,,,,,,,
182,ID4x18X,https://www.olx.plhttps://www.otodom.pl/pl/oferta/przytulne-2-pokoje-w-nowym-budownictwie-gadow-ID4x18X.html,Przytulne 2 pokoje w nowym budownictwie - Gądów,600 000 zł,"Wrocław, Fabryczna - 04 lipca 2025",45 m² - 13333.33 zł/m²,wroclaw,2025-07-13 22:46:42,sprzedaz,,,,,,,,
183,ID4x8wd,https://www.olx.plhttps://www.otodom.pl/pl/oferta/4m-na-grabiszynie-balkon-mp-po-vs-przed-dzien-otwarty-ID4x8wd.html,4M na Grabiszynie_balkon|Mp| PO vs PRZED |DZIEŃ OTWARTY!,599 000 zł,"Wrocław, Fabryczna - 04 lipca 2025",58 m² - 10327.59 zł/m²,wroclaw,2025-07-13 22:46:42,sprzedaz,,,,,,,,
184,ID4x2Dd,https://www.olx.plhttps://www.otodom.pl/pl/oferta/centrum-ok-sky-towera-rozkladowe-3pok-61m2-miejskie-media-balkon-winda-ID4x2Dd.html,"CENTRUM,ok.SKY TOWERA,ROZKŁADOWE,3POK,61m2,Miejskie Media,Balkon,Winda",565 000 zł,"Wrocław, Krzyki - 28 czerwca 2025",61 m² - 9262.3 zł/m²,wroclaw,2025-07-13 22:46:42,sprzedaz,,,,,,,,
185,ID4x5d9,https://www.olx.plhttps://www.otodom.pl/pl/oferta/bez-pcc-pl-grunwaldzki-odlicz-vat-klima-2024-r-ID4x5d9.html,-Bez Pcc-Pl. Grunwaldzki-Odlicz Vat-Klima-2024.r,1 096 999 zł,"Wrocław, Śródmieście - Odświeżono Dzisiaj o 15:33","71,50 m² - 15342.64 zł/m²",wroclaw,2025-07-13 22:46:42,sprzedaz,,,,,,,,
186,ID16lavQ,https://www.olx.pl/d/oferta/piekne-3-pokoje-duzy-balkon-piwnica-m-miejskie-3km-do-rynku-CID3-ID16lavQ.html,Piękne 3 pokoje! | duży balkon | piwnica | m. miejskie | 3km do Rynku,779 900 zł,"Wrocław, Stare Miasto - Odświeżono dnia 11 lipca 2025","60,30 m² - 12933.67 zł/m²",wroclaw,2025-07-13 22:46:42,sprzedaz,,,,,,,,
187,ID4vKRa,https://www.olx.plhttps://www.otodom.pl/pl/oferta/58m2-karlowice-rozanka-3-pokoje-zaciszne-balkon-parking-gotowe-ID4vKRa.html,58m2 KARŁOWICE RÓŻANKA 3 pokoje ZACISZNE balkon parking GOTOWE,685 000 zł,"Wrocław, Psie Pole - 16 czerwca 2025",58 m² - 11810.34 zł/m²,wroclaw,2025-07-13 22:46:42,sprzedaz,,,,,,,,
188,ID16jfBC,https://www.olx.pl/d/oferta/3-pokoje-45-80-m-wroclaw-inowroclawska-po-remoncie-balkon-CID3-ID16jfBC.html,"3 pokoje, 45,80 m², Wrocław – Inowrocławska | Po remoncie, balkon",590 000 złdo negocjacji,"Wrocław, Stare Miasto - Odświeżono dnia 11 lipca 2025","45,80 m² - 12882.1 zł/m²",wroclaw,2025-07-13 22:46:42,sprzedaz,,,,,,,,
189,ID16ntuX,https://www.olx.pl/d/oferta/sloneczne-mieszkanie-na-maslicach-52-m-z-potencjalem-i-balkonem-CID3-ID16ntuX.html,Słoneczne mieszkanie na Maślicach – 52 m² z potencjałem i balkonem!,620 000 złdo negocjacji,"Wrocław, Fabryczna - Odświeżono Dzisiaj o 12:02",52 m² - 11923.08 zł/m²,wroclaw,2025-07-13 22:46:42,sprzedaz,,,,,,,,
190,ID4vWko,https://www.olx.plhttps://www.otodom.pl/pl/oferta/atrakcyjna-cena-przestronne-mieszkanie-ID4vWko.html,"Atrakcyjna cena, przestronne mieszkanie!",438 000 zł,"Wrocław, Krzyki - 25 czerwca 2025","40,20 m² - 10895.52 zł/m²",wroclaw,2025-07-13 22:46:42,sprzedaz,,,,,,,,
191,ID4x8n9,https://www.olx.plhttps://www.otodom.pl/pl/oferta/2-3m-do-aranzacji-piwnica-kom-lokatorska-balkon-okazja-ID4x8n9.html,2/3M do aranżacji|piwnica_kom.lokatorska_balkon|OKAZJA!,499 000 zł,"Wrocław, Śródmieście - 04 lipca 2025","62,50 m² - 7984 zł/m²",wroclaw,2025-07-13 22:46:42,sprzedaz,,,,,,,,
192,ID4x59T,https://www.olx.plhttps://www.otodom.pl/pl/oferta/okazja-pl-grunwald-swiezo-po-remoncie-klima-2024-r-ID4x59T.html,Okazja-Pl.Grunwald-Świeżo Po Remoncie-Klima-2024.r,1 096 999 zł,"Wrocław, Śródmieście - Odświeżono Dzisiaj o 15:05","71,50 m² - 15342.64 zł/m²",wroclaw,2025-07-13 22:46:42,sprzedaz,,,,,,,,
193,ID4vNtF,https://www.olx.plhttps://www.otodom.pl/pl/oferta/do-remontu-widok-z-tarasu-na-ul-legnicka-ID4vNtF.html,Do remontu | Widok z tarasu na ul. Legnicką,450 000 zł,"Wrocław, Stare Miasto - 04 lipca 2025",41 m² - 10975.61 zł/m²,wroclaw,2025-07-13 22:46:42,sprzedaz,,,,,,,,
194,ID4vJLI,https://www.olx.plhttps://www.otodom.pl/pl/oferta/71-m2-w-cenie-599-obok-pl-jana-pawla-ii-okazja-ID4vJLI.html,71 m2 w cenie 599! Obok pl.Jana Pawła II Okazja!!!,599 000 zł,"Wrocław, Stare Miasto - 02 lipca 2025","70,80 m² - 8460.45 zł/m²",wroclaw,2025-07-13 22:46:42,sprzedaz,,,,,,,,
195,ID4x1QB,https://www.olx.plhttps://www.otodom.pl/pl/oferta/2m-piwnica-parking-do-remontu-okazja-tylko-u-nas-ID4x1QB.html,2M|piwnica_parking|do remontu|OKAZJA TYLKO U NAS!,299 000 zł,"Wrocław, Fabryczna - 27 czerwca 2025",36 m² - 8305.56 zł/m²,wroclaw,2025-07-13 22:46:42,sprzedaz,,,,,,,,
196,ID4uZzb,https://www.olx.plhttps://www.otodom.pl/pl/oferta/przy-parku-tolpy-okna-od-podworka-media-miejskie-ID4uZzb.html,"Przy parku Tołpy/ okna od podwórka, media miejskie",389 000 zł,"Wrocław, Śródmieście - Dzisiaj o 12:28",34 m² - 11441.18 zł/m²,wroclaw,2025-07-13 22:46:42,sprzedaz,,,,,,,,
197,ID4x8s0,https://www.olx.plhttps://www.otodom.pl/pl/oferta/apartament-z-imponujacym-tarasem-i-ogrodem-zimowym-ID4x8s0.html,Apartament z imponującym tarasem i ogrodem zimowym,2 500 000 zł,"Wrocław, Fabryczna - 04 lipca 2025",70 m² - 35714.29 zł/m²,wroclaw,2025-07-13 22:46:42,sprzedaz,,,,,,,,
198,ID4xasS,https://www.olx.plhttps://www.otodom.pl/pl/oferta/sprzedaz-2pok-mieszkanie-krzyki-huby-bez-prowizji-ID4xasS.html,Sprzedaż 2pok mieszkanie Krzyki/Huby/bez prowizji,480 000 zł,"Wrocław, Krzyki - 08 lipca 2025",36 m² - 13333.33 zł/m²,wroclaw,2025-07-13 22:46:42,sprzedaz,,,,,,,,
199,ID16slfm,https://www.olx.pl/d/oferta/przytulne-2-pokojowe-mieszkanie-blisko-starego-miasta-CID3-ID16slfm.html,Przytulne 2-pokojowe mieszkanie blisko Starego Miasta,3 100 złdo negocjacji,"Warszawa, Żoliborz - 02 lipca 2025",38 m²,warszawa,2025-07-13 22:46:46,wynajem,,,,,,,,
200,ID16A4xH,https://www.olx.pl/d/oferta/mieszkanie-do-wynajecia-bialoleka-CID3-ID16A4xH.html,Mieszkanie do wynajecia Białołęka,2 500 zł,"Warszawa, Białołęka - 12 lipca 2025","38,92 m²",warszawa,2025-07-13 22:46:46,wynajem,,,,,,,,
201,ID16kK9d,https://www.olx.pl/d/oferta/2-pokojowe-mieszkanie-na-starym-zoliborzu-CID3-ID16kK9d.html,2 pokojowe mieszkanie na Starym Żoliborzu,3 300 zł,"Warszawa, Żoliborz - Odświeżono Dzisiaj o 14:26",43 m²,warszawa,2025-07-13 22:46:46,wynajem,,,,,,,,
202,ID16rOv1,https://www.olx.pl/d/oferta/piekny-apartament-premium-mokotow-sulkowicka-CID3-ID16rOv1.html,"Piękny apartament PREMIUM. Mokotów, Sułkowicka",5 800 zł,"Warszawa, Mokotów - Odświeżono Dzisiaj o 20:19",51 m²,warszawa,2025-07-13 22:46:46,wynajem,,,,,,,,
203,ID16xo9q,https://www.olx.pl/d/oferta/kawalerka-na-wynajem-27-m2-filtrowa-CID3-ID16xo9q.html,Kawalerka na wynajem 27 m2 Filtrowa,2 900 zł,"Warszawa, Ochota - Odświeżono Dzisiaj o 08:52",27 m²,warszawa,2025-07-13 22:46:46,wynajem,,,,,,,,
204,ID4xbCE,https://www.olx.plhttps://www.otodom.pl/pl/oferta/2-pokoje-na-osiedlu-galeria-park-ID4xbCE.html,2 pokoje na osiedlu Galeria Park!,3 000 zł,"Warszawa, Mokotów - Odświeżono Dzisiaj o 14:48",36 m²,warszawa,2025-07-13 22:46:46,wynajem,,,,,,,,
205,ID4vYcl,https://www.olx.plhttps://www.otodom.pl/pl/oferta/do-wynajecia-kawalerka-krotkie-terminy-rowniez-ID4vYcl.html,Do wynajęcia kawalerka! Krótkie terminy - również!,3 300 zł,"Warszawa, Bielany - Odświeżono Dzisiaj o 18:29",48 m²,warszawa,2025-07-13 22:46:46,wynajem,,,,,,,,
206,ID16pwq8,https://www.olx.pl/d/oferta/sloneczne-mieszkanie-z-oddechem-a-sunny-apartment-with-a-breath-CID3-ID16pwq8.html,Słoneczne mieszkanie z oddechem / A sunny apartment with a breath,3 500 zł,"Warszawa, Śródmieście - Odświeżono Dzisiaj o 19:26",53 m²,warszawa,2025-07-13 22:46:46,wynajem,,,,,,,,
207,ID16whg8,https://www.olx.pl/d/oferta/tarchomin-mehoffera-36-38-metrow-3400-bez-dodatkowych-oplat-CID3-ID16whg8.html,"Tarchomin, Mehoffera 36, 38 metrów, 3400 bez dodatkowych opłat",3 400 zł,"Warszawa, Białołęka - Odświeżono Dzisiaj o 09:48",38 m²,warszawa,2025-07-13 22:46:46,wynajem,,,,,,,,
208,ID4qqht,https://www.olx.plhttps://www.otodom.pl/pl/oferta/-ID4qqht.html,"Mieszkanie, Warszawa",2 500 zł,"Warszawa, Ochota - Odświeżono Dzisiaj o 12:07",37 m²,warszawa,2025-07-13 22:46:46,wynajem,,,,,,,,
209,ID16sBX9,https://www.olx.pl/d/oferta/kawalerka-po-remoncie-metro-ksiecia-janusza-CID3-ID16sBX9.html,Kawalerka po remoncie-Metro Ksiecia Janusza,2 550 zł,"Warszawa, Mokotów - Odświeżono Dzisiaj o 08:04",24 m²,warszawa,2025-07-13 22:46:46,wynajem,,,,,,,,
210,ID16wqmx,https://www.olx.pl/d/oferta/atrakcyjne-mieszkanie-na-mokotowie-wynajme-CID3-ID16wqmx.html,Atrakcyjne mieszkanie na Mokotowie - wynajmę,2 850 zł,"Warszawa, Mokotów - Odświeżono Dzisiaj o 19:54",36 m²,warszawa,2025-07-13 22:46:46,wynajem,,,,,,,,
211,ID16oaxr,https://www.olx.pl/d/oferta/wynajem-2-pok-praga-poludnie-CID3-ID16oaxr.html,Wynajem 2 pok. Praga Południe,2 700 zł,"Warszawa, Praga-Południe - 26 czerwca 2025",34 m²,warszawa,2025-07-13 22:46:46,wynajem,,,,,,,,
212,ID16iAq6,https://www.olx.pl/d/oferta/mieszkanie-do-wynajecia-warszawa-centrum-CID3-ID16iAq6.html,Mieszkanie do wynajęcia WARSZAWA CENTRUM,2 800 zł,"Warszawa, Śródmieście - 19 czerwca 2025",40 m²,warszawa,2025-07-13 22:46:46,wynajem,,,,,,,,
213,IDPJzW2,https://www.olx.pl/d/oferta/mieszkanie-2-pokoje-z-kuchnia-33m2-do-wynajecia-ursus-niedzwiadek-CID3-IDPJzW2.html,"Mieszkanie 2 pokoje z kuchnią 33m2 do wynajęcia, Ursus- Niedźwiadek.",3 000 zł,"Warszawa, Ursus - 07 lipca 2025",33 m²,warszawa,2025-07-13 22:46:46,wynajem,,,,,,,,
214,ID16wxoq,https://www.olx.pl/d/oferta/piekna-kawalerka-z-sypialnia-tuz-przy-saskiej-kepie-i-parku-CID3-ID16wxoq.html,Piękna kawalerka z sypialnią tuż przy Saskiej Kępie i Parku,2 550 zł,"Warszawa, Praga-Południe - Odświeżono dnia 12 lipca 2025",24 m²,warszawa,2025-07-13 22:46:46,wynajem,,,,,,,,
215,ID16jaLt,https://www.olx.pl/d/oferta/mieszkanie-3-pokojowe-niedaleko-centrum-promenada-i-ronda-wiatraczna-CID3-ID16jaLt.html,Mieszkanie 3 pokojowe niedaleko Centrum Promenada i Ronda Wiatraczna,3 000 zł,"Warszawa, Praga-Południe - Odświeżono Dzisiaj o 06:34",63 m²,warszawa,2025-07-13 22:46:46,wynajem,,,,,,,,
216,ID4x7VH,https://www.olx.plhttps://www.otodom.pl/pl/oferta/nowoczesna-kawalerka-z-balkonem-mokotow-ul-modzelewskiego-67-0-ID4x7VH.html,Nowoczesna Kawalerka z Balkonem | Mokotów – ul. Modzelewskiego 67 - 0%,2 900 zł,"Warszawa, Mokotów - Odświeżono Dzisiaj o 12:19","28,20 m²",warszawa,2025-07-13 22:46:46,wynajem,,,,,,,,
217,ID16qgZZ,https://www.olx.pl/d/oferta/kompaktowa-kawalerka-w-wa-wola-ul-agawy-22-m2-czeka-na-najemce-CID3-ID16qgZZ.html,"Kompaktowa Kawalerka W-wa Wola ul. AGAWY,  22 m2 czeka na najemcę",2 550 złdo negocjacji,"Warszawa, Wola - Odświeżono dnia 12 lipca 2025",22 m²,warszawa,2025-07-13 22:46:46,wynajem,,,,,,,,
218,ID16iVLL,https://www.olx.pl/d/oferta/wynajme-mieszkanie-4-pokojowe-65-m2-ursus-CID3-ID16iVLL.html,Wynajmę mieszkanie 4 pokojowe 65 m2 Ursus,4 500 złdo negocjacji,"Warszawa, Ursus - Odświeżono Dzisiaj o 15:41",65 m²,warszawa,2025-07-13 22:46:46,wynajem,,,,,,,,
219,ID16p71M,https://www.olx.pl/d/oferta/bezposrednio-mieszkanie-82m-wilanow-zawady-CID3-ID16p71M.html,"Bezpośrednio, mieszkanie 82m, Wilanów-Zawady",4 500 zł,"Warszawa, Wilanów - Odświeżono Dzisiaj o 09:55",82 m²,warszawa,2025-07-13 22:46:46,wynajem,,,,,,,,
220,ID16vcSa,https://www.olx.pl/d/oferta/bezposrednio-2-pokoje-metro-slodowiec-CID3-ID16vcSa.html,Bezpośrednio 2 pokoje metro Słodowiec,3 300 zł,"Warszawa, Żoliborz - Odświeżono Dzisiaj o 19:21",45 m²,warszawa,2025-07-13 22:46:46,wynajem,,,,,,,,
221,ID16hZ6N,https://www.olx.pl/d/oferta/3-pokojowe-mieszkanie-na-wynajem-ul-przeworska-praga-poludnie-CID3-ID16hZ6N.html,"3-pokojowe mieszkanie na wynajem – ul. Przeworska, Praga-Południe",3 600 zł,"Warszawa, Praga-Południe - Odświeżono Dzisiaj o 07:40","52,81 m²",warszawa,2025-07-13 22:46:46,wynajem,,,,,,,,
222,ID4x2MR,https://www.olx.plhttps://www.otodom.pl/pl/oferta/od-zaraz-lux-2pok-49m2-ul-nowoursynowska-metro-ID4x2MR.html,Od Zaraz/ Lux 2Pok/ 49M2/ Ul Nowoursynowska/Metro.,3 200 zł,"Warszawa, Ursynów - Odświeżono Dzisiaj o 06:57","48,57 m²",warszawa,2025-07-13 22:46:46,wynajem,,,,,,,,
223,ID16xVfk,https://www.olx.pl/d/oferta/mieszkanie-3-pokoje-saska-kepa-CID3-ID16xVfk.html,Mieszkanie 3 pokoje Saska Kępa,3 300 zł,"Warszawa, Praga-Południe - Odświeżono Dzisiaj o 18:42",47 m²,warszawa,2025-07-13 22:46:46,wynajem,,,,,,,,
224,ID16cvMj,https://www.olx.pl/d/oferta/wynajme-nowoczesne-3-pokojowe-mieszkanie-na-saskiej-kepie-w-warszawie-CID3-ID16cvMj.html,Wynajmę nowoczesne 3 pokojowe mieszkanie na Saskiej Kępie w Warszawie,4 000 zł,"Warszawa, Praga-Południe - 12 lipca 2025",51 m²,warszawa,2025-07-13 22:46:46,wynajem,,,,,,,,
225,ID16xmn1,https://www.olx.pl/d/oferta/warszawa-goclaw-3-pokoje-loggia-2017-r-gotowe-od-zaraz-CID3-ID16xmn1.html,Warszawa Gocław | 3 pokoje | Loggia | 2017 r. | Gotowe od zaraz,3 900 zł,"Warszawa, Praga-Południe - 09 lipca 2025",50 m²,warszawa,2025-07-13 22:46:46,wynajem,,,,,,,,
226,ID16AfsS,https://www.olx.pl/d/oferta/mieszkanie-ul-cybernetyki-2-warszawa-na-wynajem-super-lokalizacja-CID3-ID16AfsS.html,Mieszkanie ul. Cybernetyki 2 Warszawa na wynajem super lokalizacja,3 100 zł,"Warszawa, Mokotów - Dzisiaj o 07:43",35 m²,warszawa,2025-07-13 22:46:46,wynajem,,,,,,,,
227,ID4x3k3,https://www.olx.plhttps://www.otodom.pl/pl/oferta/2-pokojowe-mieszkanie-38-6-m-ul-drawska-10-ochota-warszawa-ID4x3k3.html,"2-pokojowe mieszkanie | 38,6 m² | ul. Drawska 10 | Ochota, Warszawa",3 100 zł,Warszawa - Odświeżono Dzisiaj o 12:19,"38,60 m²",warszawa,2025-07-13 22:46:46,wynajem,,,,,,,,
228,ID16xtTP,https://www.olx.pl/d/oferta/wynajme-3-pokojowe-mieszkanie-na-osiedlu-skorosze-xi-w-ursusie-CID3-ID16xtTP.html,"Wynajmę, 3 -pokojowe mieszkanie, na osiedlu Skorosze XI, w Ursusie.",3 500 zł,"Warszawa, Ursus - Odświeżono Dzisiaj o 11:03",54 m²,warszawa,2025-07-13 22:46:46,wynajem,,,,,,,,
229,ID4x362,https://www.olx.plhttps://www.otodom.pl/pl/oferta/apartament-91m2-w-sercu-miasteczka-wilanow-ID4x362.html,"Apartament 91m2 w ""sercu"" Miasteczka Wilanów",4 800 zł,"Warszawa, Wilanów - Dzisiaj o 07:51",91 m²,warszawa,2025-07-13 22:46:46,wynajem,,,,,,,,
230,ID16xbpl,https://www.olx.pl/d/oferta/piekne-mieszkanie-60-m2-mokotow-melody-park-CID3-ID16xbpl.html,Piękne mieszkanie 60 m2 Mokotów Melody Park,5 500 złdo negocjacji,"Warszawa, Mokotów - Odświeżono dnia 12 lipca 2025",62 m²,warszawa,2025-07-13 22:46:46,wynajem,,,,,,,,
231,ID16nDS8,https://www.olx.pl/d/oferta/do-wynajecia-mieszkanie-3-pokojowe-63m2-zoliborz-ul-gwiazdzista-CID3-ID16nDS8.html,Do wynajęcia mieszkanie 3 pokojowe 63m2 Żoliborz ul Gwiaździsta,3 600 zł,"Warszawa, Żoliborz - Odświeżono dnia 12 lipca 2025",63 m²,warszawa,2025-07-13 22:46:46,wynajem,,,,,,,,
232,ID16xFUK,https://www.olx.pl/d/oferta/bezposrednio-jak-nowa-kawalerka-20m2-wysoki-standard-wpelni-wyposazona-CID3-ID16xFUK.html,BEZPOŚREDNIO jak nowa kawalerka 20m2 wysoki standard wpełni wyposażona,2 450 zł,"Warszawa, Ursus - Odświeżono Dzisiaj o 14:17",20 m²,warszawa,2025-07-13 22:46:46,wynajem,,,,,,,,
233,ID16wuEA,https://www.olx.pl/d/oferta/nowy-apartament-ul-sokratesa-bielany-wysoki-standard-CID3-ID16wuEA.html,NOWY APARTAMENT ul. Sokratesa BIELANY  – wysoki standard,4 500 zł,"Warszawa, Bielany - Odświeżono dnia 12 lipca 2025",40 m²,warszawa,2025-07-13 22:46:46,wynajem,,,,,,,,
234,ID16pCwg,https://www.olx.pl/d/oferta/kawalerka-metro-na-kilka-miesiecy-lub-na-rok-CID3-ID16pCwg.html,"Kawalerka, metro, na kilka miesięcy lub na rok",2 500 zł,"Warszawa, Ursynów - Odświeżono Dzisiaj o 19:54",30 m²,warszawa,2025-07-13 22:46:46,wynajem,,,,,,,,
235,ID4vRMg,https://www.olx.plhttps://www.otodom.pl/pl/oferta/kawalerka-na-kabatach-blisko-metro-i-las-kabacki-ID4vRMg.html,Kawalerka na Kabatach - blisko metro i Las Kabacki,2 500 zł,"Warszawa, Ursynów - Dzisiaj o 14:55",35 m²,warszawa,2025-07-13 22:46:46,wynajem,,,,,,,,
236,ID16xxWT,https://www.olx.pl/d/oferta/kawalerka-anielewicza-rog-al-jana-pawla-CID3-ID16xxWT.html,Kawalerka Anielewicza róg al.Jana Pawła,2 200 zł,"Warszawa, Wola - Odświeżono Dzisiaj o 17:28",27 m²,warszawa,2025-07-13 22:46:46,wynajem,,,,,,,,
237,ID16tZDp,https://www.olx.pl/d/oferta/nowe-4-pokojowe-mieszkanie-75-mkw-z-garazem-w-wawrze-CID3-ID16tZDp.html,Nowe 4-pokojowe mieszkanie 75 mkw z garażem w Wawrze,6 000 zł,"Warszawa, Wawer - 04 lipca 2025",75 m²,warszawa,2025-07-13 22:46:46,wynajem,,,,,,,,
238,ID16jCve,https://www.olx.pl/d/oferta/3p-mieszkanie-z-2-balkonami-i-garazem-CID3-ID16jCve.html,3p. mieszkanie z 2 balkonami i garażem,3 900 zł,"Warszawa, Praga-Południe - Odświeżono Dzisiaj o 13:17",59 m²,warszawa,2025-07-13 22:46:46,wynajem,,,,,,,,
239,ID4vI2g,https://www.olx.plhttps://www.otodom.pl/pl/oferta/2-oddzielne-pok-balkon-park-szczesliwicki-ID4vI2g.html,2 oddzielne pok. | balkon | park Szczęśliwicki,3 000 zł,"Warszawa, Ochota - Odświeżono Dzisiaj o 13:34","49,30 m²",warszawa,2025-07-13 22:46:46,wynajem,,,,,,,,
240,ID16xU4r,https://www.olx.pl/d/oferta/nowe-2-pokoje-36m-na-chrzanowie-bemowo-z-miejscem-postojowym-w-cenie-CID3-ID16xU4r.html,Nowe 2 pokoje 36m na Chrzanowie (Bemowo) z miejscem postojowym w cenie,2 800 zł,"Warszawa, Bemowo - Odświeżono Dzisiaj o 18:15",36 m²,warszawa,2025-07-13 22:46:46,wynajem,,,,,,,,
241,ID16mzQz,https://www.olx.pl/d/oferta/2-pokojowe-przestronne-umeblowane-bemowo-miejsce-postojowe-CID3-ID16mzQz.html,"2 pokojowe, przestronne, umeblowane, BEMOWO, miejsce postojowe",3 300 zł,"Warszawa, Bemowo - Odświeżono Dzisiaj o 12:46",50 m²,warszawa,2025-07-13 22:46:46,wynajem,,,,,,,,
242,ID16xgAS,https://www.olx.pl/d/oferta/2-pokojowe-mieszkanie-na-parterze-CID3-ID16xgAS.html,2-pokojowe mieszkanie na parterze,2 500 złdo negocjacji,"Warszawa, Targówek - Odświeżono dnia 12 lipca 2025","56,60 m²",warszawa,2025-07-13 22:46:46,wynajem,,,,,,,,
243,ID4x4He,https://www.olx.plhttps://www.otodom.pl/pl/oferta/przytulne-mieszkanie-wraszawa-bemowo-swietna-komunikacja-ID4x4He.html,"Przytulne mieszkanie Wraszawa - Bemowo , świetna komunikacja",2 800 zł,"Warszawa, Bemowo - Odświeżono Dzisiaj o 08:48",28 m²,warszawa,2025-07-13 22:46:46,wynajem,,,,,,,,
244,ID16wUd4,https://www.olx.pl/d/oferta/kawalerka-na-pasleckiej-nowodwory-tarchomin-CID3-ID16wUd4.html,"Kawalerka na Pasłęckiej (Nowodwory, Tarchomin)",1 900 zł,"Warszawa, Białołęka - Odświeżono Dzisiaj o 14:16","33,70 m²",warszawa,2025-07-13 22:46:46,wynajem,,,,,,,,
245,ID4xcHF,https://www.olx.plhttps://www.otodom.pl/pl/oferta/2-pokojowe-mieszkanie-z-osobna-kuchnia-na-starej-pradze-blisko-metra-ID4xcHF.html,"2 pokojowe mieszkanie z osobną kuchnią na Starej Pradze, blisko metra",2 990 zł,"Warszawa, Praga-Północ - Odświeżono Dzisiaj o 19:46",55 m²,warszawa,2025-07-13 22:46:46,wynajem,,,,,,,,
246,ID4vWYq,https://www.olx.plhttps://www.otodom.pl/pl/oferta/ochota-ul-waclawa-sierpinskiego-1-pok-36-m-garaz-ID4vWYq.html,"Ochota ul. Wacława Sierpińskiego, 1 pok.36 m,garaż",2 500 zł,"Warszawa, Ochota - Odświeżono Dzisiaj o 13:27",36 m²,warszawa,2025-07-13 22:46:46,wynajem,,,,,,,,
247,ID16wk31,https://www.olx.pl/d/oferta/do-wynajecia-34m-w-wa-ursus-ul-magnacka-7-osiedle-gawra-od-1-wrzesnia-CID3-ID16wk31.html,Do wynajęcia 34m W-wa Ursus ul. Magnacka 7 Osiedle Gawra od 1 września,2 900 zł,"Warszawa, Ursus - Odświeżono Dzisiaj o 17:37",34 m²,warszawa,2025-07-13 22:46:46,wynajem,,,,,,,,
248,ID16rl6r,https://www.olx.pl/d/oferta/wynajme-kawalerke-bliska-wola-ok-zelaznej-20-m2-CID3-ID16rl6r.html,Wynajmę kawalerkę bliska Wola ok. Żelaznej 20 m2,2 400 zł,"Warszawa, Wola - Odświeżono Dzisiaj o 12:49",20 m²,warszawa,2025-07-13 22:46:46,wynajem,,,,,,,,
249,ID16n8Yd,https://www.olx.pl/d/oferta/3-pokoje-62-m2-widok-na-zielone-powisle-10-minut-spacerem-od-centrum-CID3-ID16n8Yd.html,"3 pokoje 62 m2 widok na zielone Powiśle, 10 minut spacerem od centrum",1 999 000 złdo negocjacji,"Warszawa, Śródmieście - Odświeżono Dzisiaj o 12:05",62 m² - 32241.94 zł/m²,warszawa,2025-07-13 22:46:50,sprzedaz,,,,,,,,
250,ID4x2NT,https://www.olx.plhttps://www.otodom.pl/pl/oferta/super-oferta-dla-inwestorow-oraz-przedsiebiorcow-ID4x2NT.html,Super oferta dla inwestorów oraz przedsiębiorców!,290 000 zł,"Warszawa, Włochy - Odświeżono Dzisiaj o 14:49",24 m² - 12083.33 zł/m²,warszawa,2025-07-13 22:46:50,sprzedaz,,,,,,,,
251,ID4w8yp,https://www.olx.plhttps://www.otodom.pl/pl/oferta/nowy-etap-harmonogram-20-80-lub-rabat-8-nowoczesne-technologie-ID4w8yp.html,NOWY ETAP | Harmonogram 20/80 lub rabat 8% | Nowoczesne technologie,515 000 zł,"Warszawa, Białołęka - 24 czerwca 2025",40 m² - 12875 zł/m²,warszawa,2025-07-13 22:46:50,sprzedaz,,,,,,,,
252,ID4vOkm,https://www.olx.plhttps://www.otodom.pl/pl/oferta/nowoczesny-apartament-inwestycyjny-z-balkonem-w-in-ID4vOkm.html,Nowoczesny apartament inwestycyjny z balkonem w in,597 630 zł,"Warszawa, Włochy - Odświeżono Dzisiaj o 10:33","36,22 m² - 16500 zł/m²",warszawa,2025-07-13 22:46:50,sprzedaz,,,,,,,,
253,ID16pA0Y,https://www.olx.pl/d/oferta/ciche-mieszkanie-na-stegnach-mokotow-w-zielonej-okolicy-CID3-ID16pA0Y.html,"Ciche Mieszkanie na STEGNACH MOKOTÓW, w Zielonej okolicy",685 000 zł,"Warszawa, Mokotów - Odświeżono dnia 12 lipca 2025",42 m² - 16309.52 zł/m²,warszawa,2025-07-13 22:46:50,sprzedaz,,,,,,,,
254,ID4vWRt,https://www.olx.plhttps://www.otodom.pl/pl/oferta/zainwestuj-mikro-przestrzen-z-potencjalem-lokal-dostepny-od-zaraz-ID4vWRt.html,Zainwestuj mikro-przestrzeń z potencjałem! Lokal dostępny od zaraz!,325 000 zł,"Warszawa, Włochy - Odświeżono Dzisiaj o 14:50","22,25 m² - 14606.74 zł/m²",warszawa,2025-07-13 22:46:50,sprzedaz,,,,,,,,
255,ID16n8MA,https://www.olx.pl/d/oferta/rakowiec-3-pokoje-idealne-dla-rodziny-przedszkole-swietna-lokalizacja-CID3-ID16n8MA.html,Rakowiec 3 pokoje idealne dla rodziny przedszkole świetna lokalizacja,855 000 zł,"Warszawa, Ochota - Odświeżono Dzisiaj o 12:06",57 m² - 15000 zł/m²,warszawa,2025-07-13 22:46:50,sprzedaz,,,,,,,,
256,ID16yqrM,https://www.olx.pl/d/oferta/targowek-metro-m2-balkon-piwnica-zielen-2-pokoje-do-wlasnej-aranzacji-CID3-ID16yqrM.html,"Targówek Metro M2 balkon piwnica zieleń, 2 pokoje do własnej aranżacji",489 000 zł,"Warszawa, Targówek - Odświeżono Dzisiaj o 12:14",39 m² - 12538.46 zł/m²,warszawa,2025-07-13 22:46:50,sprzedaz,,,,,,,,
257,ID4x46k,https://www.olx.plhttps://www.otodom.pl/pl/oferta/super-oferta-inwestycyjna-ID4x46k.html,Super oferta inwestycyjna!,379 000 zł,"Warszawa, Włochy - Odświeżono Dzisiaj o 14:49","24,62 m² - 15393.99 zł/m²",warszawa,2025-07-13 22:46:50,sprzedaz,,,,,,,,
258,ID16ryso,https://www.olx.pl/d/oferta/mieszkanie-warszawa-e-plater-bez-posrednikow-CID3-ID16ryso.html,mieszkanie Warszawa E. Plater bez pośredników,2 990 000 złdo negocjacji,"Warszawa, Śródmieście - Odświeżono Dzisiaj o 16:13",113 m² - 26460.18 zł/m²,warszawa,2025-07-13 22:46:50,sprzedaz,,,,,,,,
259,ID4vWtp,https://www.olx.plhttps://www.otodom.pl/pl/oferta/mieszkanie-35-38-m2-rembertow-od-dewelopera-ID4vWtp.html,"Mieszkanie 35,38 m2 > Rembertów > od Dewelopera",453 000 zł,"Warszawa, Rembertów - Odświeżono Dzisiaj o 13:41","35,08 m² - 12913.34 zł/m²",warszawa,2025-07-13 22:46:50,sprzedaz,,,,,,,,
260,ID16xame,https://www.olx.pl/d/oferta/sprzedam-kawalerke-stegny-CID3-ID16xame.html,Sprzedam kawalerkę Stegny,540 000 złdo negocjacji,"Warszawa, Mokotów - Odświeżono dnia 12 lipca 2025",31 m² - 17419.35 zł/m²,warszawa,2025-07-13 22:46:50,sprzedaz,,,,,,,,
261,ID4xdjc,https://www.olx.plhttps://www.otodom.pl/pl/oferta/mieszkanie-43m2-pokojepiwnicadobra-lokalizacja-ID4xdjc.html,Mieszkanie 43m²⭐2 pokoje⭐Piwnica⭐Dobra lokalizacja,615 000 zł,"Warszawa, Żoliborz - Odświeżono Dzisiaj o 12:31",43 m² - 14302.33 zł/m²,warszawa,2025-07-13 22:46:50,sprzedaz,,,,,,,,
262,ID12vYRI,https://www.olx.pl/d/oferta/mieszkanie-ochota-2-pokojowe-CID3-ID12vYRI.html,"mieszkanie, Ochota, 2-pokojowe",690 000 zł,"Warszawa, Ochota - Dzisiaj o 10:37",41 m² - 16829.27 zł/m²,warszawa,2025-07-13 22:46:50,sprzedaz,,,,,,,,
263,ID4vJlB,https://www.olx.plhttps://www.otodom.pl/pl/oferta/zamieszkaj-na-osiedlu-hubertus-ID4vJlB.html,Zamieszkaj na osiedlu Hubertus!,1 250 000 zł,"Warszawa, Mokotów - Odświeżono dnia 12 lipca 2025","61,18 m² - 20431.51 zł/m²",warszawa,2025-07-13 22:46:50,sprzedaz,,,,,,,,
264,IDAofcq,https://www.olx.pl/d/oferta/apartament-66-m2-warszawa-wilanow-CID3-IDAofcq.html,"Apartament 66 m2 - WARSZAWA, WILANÓW",825 000 zł,"Warszawa, Wilanów - Odświeżono Dzisiaj o 11:21","65,79 m² - 12539.9 zł/m²",warszawa,2025-07-13 22:46:50,sprzedaz,,,,,,,,
265,ID4x98g,https://www.olx.plhttps://www.otodom.pl/pl/oferta/150-m-od-metra-widok-na-zielen-oddzielna-kuchnia-garaz-piwnica-ID4x98g.html,150 m od metra | widok na zieleń | oddzielna kuchnia | garaż+piwnica,1 220 000 zł,"Warszawa, Bielany - Dzisiaj o 18:17",55 m² - 22181.82 zł/m²,warszawa,2025-07-13 22:46:50,sprzedaz,,,,,,,,
266,ID4vEWu,https://www.olx.plhttps://www.otodom.pl/pl/oferta/przytulne-2-pokoje-wroclawska-obok-uczelnia-wat-ID4vEWu.html,Przytulne 2 pokoje Wrocławska obok uczelnia WAT,610 000 zł,"Warszawa, Bemowo - Odświeżono Dzisiaj o 14:53","35,60 m² - 17134.83 zł/m²",warszawa,2025-07-13 22:46:50,sprzedaz,,,,,,,,
267,ID4vWu3,https://www.olx.plhttps://www.otodom.pl/pl/oferta/mieszkanie-53-42-m2-rembertow-od-dewelopera-ID4vWu3.html,"Mieszkanie 53,42 m2 > Rembertów> od Dewelopera",607 000 zł,"Warszawa, Rembertów - Odświeżono Dzisiaj o 13:42","53,42 m² - 11362.79 zł/m²",warszawa,2025-07-13 22:46:50,sprzedaz,,,,,,,,
268,ID16w1A5,https://www.olx.pl/d/oferta/piekne-jasne-3-pokojowe-z-tarasem-na-wilanowie-bezposrednio-CID3-ID16w1A5.html,"Piękne, jasne 3-pokojowe z tarasem na Wilanowie, bezpośrednio",1 310 000 zł,"Warszawa, Wilanów - Odświeżono Dzisiaj o 11:27",69 m² - 18985.51 zł/m²,warszawa,2025-07-13 22:46:50,sprzedaz,,,,,,,,
269,ID4xbY2,https://www.olx.plhttps://www.otodom.pl/pl/oferta/rembertowmieszkanie-25-62m21-pokojod-dewelopera-ID4xbY2.html,"Rembertów>Mieszkanie 25,62m2>1 pokój>od Dewelopera",394 000 zł,"Warszawa, Rembertów - Odświeżono Dzisiaj o 09:41","25,62 m² - 15378.61 zł/m²",warszawa,2025-07-13 22:46:50,sprzedaz,,,,,,,,
270,ID14SrDM,https://www.olx.pl/d/oferta/mieszkanie-2-pokojowe-goclaw-bez-prowizji-CID3-ID14SrDM.html,Mieszkanie 2-pokojowe | Gocław | BEZ PROWIZJI,629 000 złdo negocjacji,"Warszawa, Praga-Południe - Odświeżono Dzisiaj o 10:18",37 m² - 17000 zł/m²,warszawa,2025-07-13 22:46:50,sprzedaz,,,,,,,,
271,ID4x9BJ,https://www.olx.plhttps://www.otodom.pl/pl/oferta/ochota-ul-komitetu-obrony-robotnikow-4-pok-2-piwnice-strych-ID4x9BJ.html,"Ochota ul.Komitetu Obrony Robotników, 4 pok. 2 piwnice,strych",850 000 zł,"Warszawa, Ochota - Odświeżono Dzisiaj o 13:25","61,50 m² - 13821.14 zł/m²",warszawa,2025-07-13 22:46:50,sprzedaz,,,,,,,,
272,ID4wuA3,https://www.olx.plhttps://www.otodom.pl/pl/oferta/gotowiec-inwestycyjny-16-roi-2-kawalerkimetro-ID4wuA3.html,Gotowiec inwestycyjny 16%ROI – 2 kawalerki–Metro,729 000 zł,"Warszawa, Wola - Odświeżono Dzisiaj o 14:19","39,50 m² - 18455.7 zł/m²",warszawa,2025-07-13 22:46:50,sprzedaz,,,,,,,,
273,ID16vj6o,https://www.olx.pl/d/oferta/3-pokoje-50-94-m-balkon-piwnica-10-pietro-bielany-piaski-CID3-ID16vj6o.html,"3 pokoje | 50,94 m² | Balkon + Piwnica | 10 piętro | Bielany Piaski",698 000 zł,"Warszawa, Bielany - Odświeżono Dzisiaj o 16:21",50 m² - 13960 zł/m²,warszawa,2025-07-13 22:46:50,sprzedaz,,,,,,,,
274,ID16vomH,https://www.olx.pl/d/oferta/sprzedam-mieszkanie-2-pokojowe-CID3-ID16vomH.html,Sprzedam mieszkanie 2-pokojowe,620 000 złdo negocjacji,"Warszawa, Mokotów - 07 lipca 2025",38 m² - 16315.79 zł/m²,warszawa,2025-07-13 22:46:50,sprzedaz,,,,,,,,
275,ID16rXmP,https://www.olx.pl/d/oferta/piekny-umeblowany-apartament-mokotow-sulkowicka-CID3-ID16rXmP.html,"Piękny, umeblowany apartament. Mokotów - Sułkowicka",1 490 000 złdo negocjacji,"Warszawa, Mokotów - Odświeżono dnia 11 lipca 2025","50,44 m² - 29540.05 zł/m²",warszawa,2025-07-13 22:46:50,sprzedaz,,,,,,,,
276,ID16vRwQ,https://www.olx.pl/d/oferta/nowoczesny-lokal-82m2-z-cichym-tarasem-w-okopowa-56-bezposrednio-CID3-ID16vRwQ.html,Nowoczesny lokal 82m2 z cichym tarasem w Okopowa 56. Bezpośrednio!,1 500 000 zł,"Warszawa, Wola - Odświeżono dnia 11 lipca 2025",82 m² - 18292.68 zł/m²,warszawa,2025-07-13 22:46:50,sprzedaz,,,,,,,,
277,ID15QlA2,https://www.olx.pl/d/oferta/kawalerka-lux-przy-parku-szczesliwickim-bezp-szybki-zakup-rabat-CID3-ID15QlA2.html,Kawalerka lux przy Parku Szczęśliwickim bezp. - szybki zakup =rabat,659 000 złdo negocjacji,"Warszawa, Ochota - Odświeżono Dzisiaj o 16:32",30 m² - 21966.67 zł/m²,warszawa,2025-07-13 22:46:50,sprzedaz,,,,,,,,
278,IDAoeAL,https://www.olx.pl/d/oferta/apartament-124-38m2-warszawa-wilanow-CID3-IDAoeAL.html,"Apartament 124,38M2  -  WARSZAWA, WILANÓW",1 375 000 zł,"Warszawa, Wilanów - Odświeżono Dzisiaj o 11:17","124,38 m² - 11054.83 zł/m²",warszawa,2025-07-13 22:46:50,sprzedaz,,,,,,,,
279,ID4vRaY,https://www.olx.plhttps://www.otodom.pl/pl/oferta/nowe-wykonczone-3-pokoje-2-garaze-2-balkony-klima-zeran-brodno-ID4vRaY.html,"NOWE, wykończone, 3 pokoje, 2 garaże, 2 balkony, klima, Żerań/Bródno",899 000 zł,"Warszawa, Targówek - Odświeżono Dzisiaj o 14:54",48 m² - 18729.17 zł/m²,warszawa,2025-07-13 22:46:50,sprzedaz,,,,,,,,
280,ID4x7nd,https://www.olx.plhttps://www.otodom.pl/pl/oferta/mieszkanie-38m-2-pokojebalkonpiwnicav-ID4x7nd.html,Mieszkanie 38m² ⭐2 pokoje⭐Balkon⭐Piwnicav,469 000 zł,"Warszawa, Targówek - Odświeżono Dzisiaj o 12:29",38 m² - 12342.11 zł/m²,warszawa,2025-07-13 22:46:50,sprzedaz,,,,,,,,
281,IDAoeZf,https://www.olx.pl/d/oferta/apartament-125-27m2-ogrodek-250m2-warszawa-wilanow-CID3-IDAoeZf.html,"Apartament 125,27m2 + ogródek 250m2  WARSZAWA, WILANÓW",1 650 000 zł,"Warszawa, Wilanów - Odświeżono Dzisiaj o 11:14","148,27 m² - 11128.35 zł/m²",warszawa,2025-07-13 22:46:50,sprzedaz,,,,,,,,
282,ID4xazg,https://www.olx.plhttps://www.otodom.pl/pl/oferta/2-pokoje-na-zielonej-ochocie-ID4xazg.html,2 pokoje na zielonej Ochocie,479 000 zł,"Warszawa, Ochota - 11 lipca 2025","35,50 m² - 13492.96 zł/m²",warszawa,2025-07-13 22:46:50,sprzedaz,,,,,,,,
283,ID4wsWi,https://www.olx.plhttps://www.otodom.pl/pl/oferta/okazja-2-pokojowe-mieszkanie-w-cichej-okolicy-ID4wsWi.html,--> Okazja 2 Pokojowe Mieszkanie w Cichej Okolicy,479 000 zł,"Warszawa, Targówek - 24 czerwca 2025","37,50 m² - 12773.33 zł/m²",warszawa,2025-07-13 22:46:50,sprzedaz,,,,,,,,
284,ID4xcov,https://www.olx.plhttps://www.otodom.pl/pl/oferta/pelna-slonca-kawalerka-metro-brodno-idealna-pod-inwestycje-ID4xcov.html,Pełna słońca kawalerka - Metro Bródno - idealna pod inwestycje..,385 000 zł,"Warszawa, Praga-Północ - 09 lipca 2025","27,50 m² - 14000 zł/m²",warszawa,2025-07-13 22:46:50,sprzedaz,,,,,,,,
285,ID16xen5,https://www.olx.pl/d/oferta/mieszkanie-56-m2-3-pokoje-w-pelni-wyposazone-3-pietro-ursus-CID3-ID16xen5.html,"Mieszkanie 56 m2, 3 pokoje, w pełni wyposażone, 3 piętro, Ursus",790 000 złdo negocjacji,"Warszawa, Ursus - Odświeżono dnia 12 lipca 2025",56 m² - 14107.14 zł/m²,warszawa,2025-07-13 22:46:50,sprzedaz,,,,,,,,
286,ID4vGWn,https://www.olx.plhttps://www.otodom.pl/pl/oferta/przestronny-apartament-z-garazem-ID4vGWn.html,Przestronny apartament z garażem,1 199 000 zł,"Warszawa, Praga-Południe - Odświeżono dnia 12 lipca 2025",78 m² - 15371.79 zł/m²,warszawa,2025-07-13 22:46:50,sprzedaz,,,,,,,,
287,ID4xbWy,https://www.olx.plhttps://www.otodom.pl/pl/oferta/apartament-5-pokojowy-szybki-odbior-7-min-od-metra-wierzbno-ID4xbWy.html,‼️Apartament 5 pokojowy _ szybki odbiór -> 7 min od Metra Wierzbno‼️,2 899 000 zł,"Warszawa, Mokotów - Odświeżono dnia 12 lipca 2025",142 m² - 20415.49 zł/m²,warszawa,2025-07-13 22:46:50,sprzedaz,,,,,,,,
288,ID15Kg63,https://www.olx.pl/d/oferta/miasteczko-wilanow-idealne-dla-rodziny-3-sypialnie-2-lazienki-garaz-CID3-ID15Kg63.html,"Miasteczko Wilanów idealne dla rodziny (3 sypialnie, 2 łazienki) garaż",1 699 000 zł,"Warszawa, Wilanów - 10 lipca 2025","92,43 m² - 18381.48 zł/m²",warszawa,2025-07-13 22:46:50,sprzedaz,,,,,,,,
289,ID4vJiS,https://www.olx.plhttps://www.otodom.pl/pl/oferta/oaza-spokoju-w-sercu-wilanowa-ID4vJiS.html,Oaza spokoju w sercu Wilanowa!,870 000 zł,"Warszawa, Wilanów - Odświeżono Dzisiaj o 14:52",50 m² - 17400 zł/m²,warszawa,2025-07-13 22:46:50,sprzedaz,,,,,,,,
290,ID4x6Ue,https://www.olx.plhttps://www.otodom.pl/pl/oferta/3-pokoje-widok-na-zielen-narozne-balkon-ID4x6Ue.html,3 pokoje | Widok na Zieleń | Narożne | Balkon,730 000 zł,"Warszawa, Ursus - 09 lipca 2025",51 m² - 14313.73 zł/m²,warszawa,2025-07-13 22:46:50,sprzedaz,,,,,,,,
291,ID4xcrm,https://www.olx.plhttps://www.otodom.pl/pl/oferta/czteropokojowe-mieszkanie-blisko-metra-ID4xcrm.html,⭐️Czteropokojowe mieszkanie blisko metra⭐️,649 000 zł,"Warszawa, Targówek - 09 lipca 2025","54,70 m² - 11864.72 zł/m²",warszawa,2025-07-13 22:46:50,sprzedaz,,,,,,,,
292,ID4xaMR,https://www.olx.plhttps://www.otodom.pl/pl/oferta/przytulne-40-m-2-2-pokojowe-z-ogrodkiem-na-sprzedaz-ID4xaMR.html,Przytulne (40 m 2 ) 2-pokojowe  z ogródkiem na sprzedaż !,570 000 zł,"Warszawa, Wawer - 08 lipca 2025",40 m² - 14250 zł/m²,warszawa,2025-07-13 22:46:50,sprzedaz,,,,,,,,
293,ID4uFGK,https://www.olx.plhttps://www.otodom.pl/pl/oferta/gotowe-do-zamieszkania-wysoki-standard-44-41-m2-ID4uFGK.html,gotowe do zamieszkania wysoki standard 44.41 m2,950 000 zł,"Warszawa, Praga-Północ - Odświeżono Dzisiaj o 15:45","44,41 m² - 21391.58 zł/m²",warszawa,2025-07-13 22:46:50,sprzedaz,,,,,,,,
294,ID4xbLW,https://www.olx.plhttps://www.otodom.pl/pl/oferta/3-pokoje-chomiczowka-ul-pabla-nerudy-10-ID4xbLW.html,"3 Pokoje - Chomiczówka, ul. Pabla Nerudy 10",670 000 zł,"Warszawa, Bielany - 08 lipca 2025","58,79 m² - 11396.5 zł/m²",warszawa,2025-07-13 22:46:50,sprzedaz,,,,,,,,
295,ID4x4B0,https://www.olx.plhttps://www.otodom.pl/pl/oferta/3-pokoje-z-potencjalem-swietny-uklad-metro-ID4x4B0.html,"3 pokoje z potencjałem, Świetny układ, Metro",600 000 zł,"Warszawa, Wola - 07 lipca 2025",51 m² - 11764.71 zł/m²,warszawa,2025-07-13 22:46:50,sprzedaz,,,,,,,,
296,ID4x8O7,https://www.olx.plhttps://www.otodom.pl/pl/oferta/najlepsze-mieszkanie-na-osiedlu-aura-garden-ID4x8O7.html,!!  NAJLEPSZE mieszkanie na osiedlu AURA GARDEN  !!,699 000 zł,"Warszawa, Białołęka - 04 lipca 2025","54,50 m² - 12825.69 zł/m²",warszawa,2025-07-13 22:46:50,sprzedaz,,,,,,,,
297,ID4x0Bp,https://www.olx.plhttps://www.otodom.pl/pl/oferta/osobna-kuchnia-balkon-przyjazna-okolica-ID4x0Bp.html,Osobna kuchnia | Balkon | Przyjazna okolica,600 000 zł,"Warszawa, Białołęka - 26 czerwca 2025","54,30 m² - 11049.72 zł/m²",warszawa,2025-07-13 22:46:50,sprzedaz,,,,,,,,
298,ID16wkSX,https://www.olx.pl/d/oferta/wynajme-mieszkanie-48m2-2-pokoje-kielce-ul-zagnanska-plaza-CID3-ID16wkSX.html,"Wynajmę mieszkanie 48m2, 2 pokoje, Kielce ul. Zagnańska, Plaza",3 000 zł,Kielce - Odświeżono dnia 10 lipca 2025,"48,26 m²",kielce,2025-07-13 22:49:30,wynajem,apartment,yes,yes,1,,no,2,developers
299,ID16wmkk,https://www.olx.pl/d/oferta/wynajme-mieszkanie-38m2-CID3-ID16wmkk.html,Wynajmę mieszkanie 38m2,1 950 zł,Kielce - Odświeżono dnia 12 lipca 2025,"38,50 m²",kielce,2025-07-13 22:49:30,wynajem,block,no,yes,4,lack,yes,2,private
300,ID16Bmer,https://www.olx.pl/d/oferta/wynajme-mieszkanie-kielce-kaczmarka-46m-kwadratowych-CID3-ID16Bmer.html,Wynajmę mieszkanie Kielce Kaczmarka 46m kwadratowych,1 800 zł,Kielce - Dzisiaj o 18:18,46 m²,kielce,2025-07-13 22:49:30,wynajem,block,yes,yes,10,belonging_on_street,no,2,private
301,ID14YWBi,https://www.olx.pl/d/oferta/miejsce-garazowe-w-plaza-tower-iii-dostepne-od-zaraz-CID3-ID14YWBi.html,Miejsce garażowe w Plaza Tower III – dostępne od zaraz,400 zł,Kielce - 30 czerwca 2025,27 m²,kielce,2025-07-13 22:49:30,wynajem,apartment,yes,yes,0,garage,yes,1,private
302,ID15UMF3,https://www.olx.pl/d/oferta/do-wynajecia-kielce-ul-okrzei-2-pokoje-53m2-CID3-ID15UMF3.html,"Do wynajęcia - Kielce, ul. Okrzei, 2 pokoje, 53m2",2 200 zł,Kielce - 07 lipca 2025,53 m²,kielce,2025-07-13 22:49:30,wynajem,block,,yes,0,,,2,private
303,ID4x2bM,https://www.olx.plhttps://www.otodom.pl/pl/oferta/j-gagarina-2-pokoje-w-scislym-centrum-garaz-ID4x2bM.html,"J. Gagarina, 2 pokoje w ścisłym centrum + garaż.",520 000 zł,Kielce - 02 lipca 2025,50 m² - 10400 zł/m²,kielce,2025-07-13 22:49:34,sprzedaz,,,,,,,,
304,ID4x8HE,https://www.olx.plhttps://www.otodom.pl/pl/oferta/gotowe-do-zamieszkania-2-pietro-osobna-kuchnia-ID4x8HE.html,"Gotowe do zamieszkania, 2 piętro, osobna kuchnia",579 000 zł,Kielce - 04 lipca 2025,"58,90 m² - 9830.22 zł/m²",kielce,2025-07-13 22:49:34,sprzedaz,,,,,,,,
305,ID4vZ4h,https://www.olx.plhttps://www.otodom.pl/pl/oferta/2-pokojowe-mieszkanie-na-checinskiej-ID4vZ4h.html,2 pokojowe mieszkanie na Chęcińskiej,319 000 zł,Kielce - 07 lipca 2025,43 m² - 7418.6 zł/m²,kielce,2025-07-13 22:49:34,sprzedaz,,,,,,,,
306,IDYeCzs,https://www.olx.pl/d/oferta/wynajme-2-pokojowe-nowe-mieszkanie-o-wysokim-standardzie-z-ogrodkiem-CID3-IDYeCzs.html,"wynajmę 2 pokojowe, nowe mieszkanie o wysokim standardzie z ogródkiem.",3 300 zł,"Wrocław, Fabryczna - Odświeżono dnia 11 lipca 2025",43 m²,wroclaw,2025-07-13 22:49:38,wynajem,,,,,,,,
307,ID164Z1a,https://www.olx.pl/d/oferta/dwupokojowe-mieszkanie-45m2-ul-zlotnicka-CID3-ID164Z1a.html,Dwupokojowe mieszkanie 45m2 - ul. Złotnicka,2 300 zł,"Wrocław, Fabryczna - 03 lipca 2025",45 m²,wroclaw,2025-07-13 22:49:38,wynajem,,,,,,,,
308,ID16k1tf,https://www.olx.pl/d/oferta/kawalarka-z-balkonem-od-wrzesnia-ul-nyska-CID3-ID16k1tf.html,Kawalarka z balkonem od września ul. Nyska,2 600 zł,"Wrocław, Krzyki - 21 czerwca 2025",26 m²,wroclaw,2025-07-13 22:49:38,wynajem,,,,,,,,
309,ID166rqW,https://www.olx.pl/d/oferta/kawalerka-26m2-z-balkonem-dostepna-od-zaraz-bez-prowizji-fvat-CID3-ID166rqW.html,"Kawalerka 26m2 z balkonem, dostępna od zaraz, bez prowizji, FVAT",2 300 zł,"Wrocław, Stare Miasto - Odświeżono dnia 11 lipca 2025",26 m²,wroclaw,2025-07-13 22:49:38,wynajem,,,,,,,,
310,ID15PUNm,https://www.olx.pl/d/oferta/2-pokojowe-mieszkanie-z-klimatyzacja-kurkowa-14-od-zaraz-CID3-ID15PUNm.html,"2 pokojowe mieszkanie z klimatyzacją, Kurkowa 14 – od zaraz!",2 800 złdo negocjacji,"Wrocław, Fabryczna - Odświeżono dnia 11 lipca 2025",50 m²,wroclaw,2025-07-13 22:49:38,wynajem,,,,,,,,
311,ID4vMCK,https://www.olx.plhttps://www.otodom.pl/pl/oferta/nadodrze-plac-sw-wincentego-gotowiec-ID4vMCK.html,Nadodrze / Plac św. Wincentego / gotowiec,569 000 zł,Wrocław - 24 czerwca 2025,43 m² - 13232.56 zł/m²,wroclaw,2025-07-13 22:49:41,sprzedaz,,,,,,,,
312,ID159YxH,https://www.olx.pl/d/oferta/mieszkanie-zakrzow-osiedle-jana-iii-sobieskiego-CID3-ID159YxH.html,Mieszkanie Zakrzów osiedle Jana III Sobieskiego,630 000 zł,"Wrocław, Psie Pole - Odświeżono dnia 12 lipca 2025",55 m² - 11454.55 zł/m²,wroclaw,2025-07-13 22:49:41,sprzedaz,,,,,,,,
313,ID4vWRx,https://www.olx.plhttps://www.otodom.pl/pl/oferta/nowoczesne-ciche-komfortowe-4-pokojowe-mieszkanie-z-balkonem-ID4vWRx.html,Nowoczesne/Ciche/Komfortowe 4-pokojowe mieszkanie z balkonem,845 000 zł,"Wrocław, Krzyki - Odświeżono dnia 08 lipca 2025",67 m² - 12611.94 zł/m²,wroclaw,2025-07-13 22:49:41,sprzedaz,,,,,,,,
314,ID4x8RK,https://www.olx.plhttps://www.otodom.pl/pl/oferta/jasna-kawalerka-z-widokiem-na-zielen-zaporoska-ID4x8RK.html,Jasna kawalerka z widokiem na zieleń | Zaporoska,349 000 zł,"Wrocław, Krzyki - 11 lipca 2025","26,21 m² - 13315.53 zł/m²",wroclaw,2025-07-13 22:49:41,sprzedaz,,,,,,,,
315,ID16vY8M,https://www.olx.pl/d/oferta/mieszkanie-do-remontu-CID3-ID16vY8M.html,Mieszkanie do remontu,550 000 zł,"Wrocław, Krzyki - Odświeżono dnia 12 lipca 2025",61 m² - 9016.39 zł/m²,wroclaw,2025-07-13 22:49:41,sprzedaz,,,,,,,,
316,ID4x3gu,https://www.olx.plhttps://www.otodom.pl/pl/oferta/atrakcyjne-mieszkanie-dla-studenta-dla-pary-wroclaw-mlodnickiego-ID4x3gu.html,"ATRAKCYJNE mieszkanie DLA STUDENTA, DLA PARY Wrocław Młodnickiego",670 000 zł,"Wrocław, Śródmieście - 30 czerwca 2025","49,50 m² - 13535.35 zł/m²",wroclaw,2025-07-13 22:49:41,sprzedaz,,,,,,,,
317,ID16AQYV,https://www.olx.pl/d/oferta/mieszkanie-warszawa-3-pokoje-CID3-ID16AQYV.html,Mieszkanie Warszawa 3 pokoje,3 200 zł,"Warszawa, Białołęka - Dzisiaj o 11:04",60 m²,warszawa,2025-07-13 22:49:45,wynajem,,,,,,,,
318,ID16zaMI,https://www.olx.pl/d/oferta/wynajme-piekna-kawalerke-nowe-wlochy-CID3-ID16zaMI.html,Wynajmę piękną kawalerkę- Nowe Włochy,2 300 zł,"Warszawa, Białołęka - 11 lipca 2025",30 m²,warszawa,2025-07-13 22:49:45,wynajem,,,,,,,,
319,ID13jzFd,https://www.olx.pl/d/oferta/rezerwacja-mieszkanie-zarezerwowane-CID3-ID13jzFd.html,Rezerwacja - mieszkanie zarezerwowane,2 190 zł,"Warszawa, Ursus - Odświeżono dnia 11 lipca 2025",18 m²,warszawa,2025-07-13 22:49:45,wynajem,,,,,,,,
320,ID4xbSk,https://www.olx.plhttps://www.otodom.pl/pl/oferta/nowoczesny-apartament-z-duzym-balkonem-i-parkingiem-blisko-metra-ID4xbSk.html,Nowoczesny apartament z dużym balkonem i parkingiem / blisko METRA,3 000 zł,"Warszawa, Targówek - 08 lipca 2025",43 m²,warszawa,2025-07-13 22:49:45,wynajem,,,,,,,,
321,ID4xbTd,https://www.olx.plhttps://www.otodom.pl/pl/oferta/cztery-pokoje-z-miejscem-postojowym-ID4xbTd.html,cztery pokoje z miejscem postojowym,7 900 zł,"Warszawa, Mokotów - 08 lipca 2025",127 m²,warszawa,2025-07-13 22:49:45,wynajem,,,,,,,,
322,ID16y88D,https://www.olx.pl/d/oferta/2-pokojowe-mieszkanie-na-wynajem-na-ochocie-idealne-dla-studentow-CID3-ID16y88D.html,"2-pokojowe mieszkanie na wynajem na Ochocie, idealne dla studentow",3 900 zł,"Warszawa, Ochota - 09 lipca 2025",34 m²,warszawa,2025-07-13 22:49:45,wynajem,,,,,,,,
323,IDXjgjf,https://www.olx.pl/d/oferta/duza-kawalerka-sadyba-mokotow-z-widokiem-na-park-CID3-IDXjgjf.html,Duża kawalerka Sadyba Mokotów z widokiem na park,2 450 zł,"Warszawa, Mokotów - Dzisiaj o 07:54",27 m²,warszawa,2025-07-13 22:49:45,wynajem,,,,,,,,
324,ID16r4Fb,https://www.olx.pl/d/oferta/mieszkanie-z-garazem-na-goclawiu-bez-posrednikow-CID3-ID16r4Fb.html,Mieszkanie z garażem na Gocławiu. Bez pośredników.,892 000 zł,"Warszawa, Praga-Południe - Odświeżono Dzisiaj o 12:36",51 m² - 17490.2 zł/m²,warszawa,2025-07-13 22:49:50,sprzedaz,,,,,,,,
325,ID4vVLp,https://www.olx.plhttps://www.otodom.pl/pl/oferta/3pokoje-2-balkony-garderoba-jasne-przestronne-gotowe-2025-ID4vVLp.html,"✅ 3pokoje | 2 BALKONY,  GARDEROBA |Jasne, przestronne❗️ GOTOWE 2025 ❗️",932 000 zł,"Warszawa, Włochy - 04 lipca 2025","59,13 m² - 15761.88 zł/m²",warszawa,2025-07-13 22:49:50,sprzedaz,,,,,,,,
326,ID4vzjR,https://www.olx.plhttps://www.otodom.pl/pl/oferta/sprzedam-mieszkanie-2-pokoje-40-5-m-po-generalnym-remoncie-ID4vzjR.html,"Sprzedam mieszkanie 2 pokoje, 40,5 m², po generalnym remoncie",760 000 zł,"Warszawa, Wola - Odświeżono dnia 28 czerwca 2025","40,50 m² - 18765.43 zł/m²",warszawa,2025-07-13 22:49:50,sprzedaz,,,,,,,,
327,ID162YkQ,https://www.olx.pl/d/oferta/gotowe-do-zamieszkania-3-pok-z-klimatem-przy-parku-grochowska-44-CID3-ID162YkQ.html,Gotowe do zamieszkania | 3 pok z klimatem | przy parku | Grochowska 44,1 180 000 złdo negocjacji,"Warszawa, Praga-Południe - Odświeżono dnia 03 lipca 2025","68,53 m² - 17218.74 zł/m²",warszawa,2025-07-13 22:49:50,sprzedaz,,,,,,,,
328,ID4wP8U,https://www.olx.plhttps://www.otodom.pl/pl/oferta/wygodne-i-w-pelni-umeblowane-mieszkanie-68m2-ID4wP8U.html,Wygodne i w pełni umeblowane mieszkanie - 68m2,1 470 000 zł,"Warszawa, Mokotów - Odświeżono dnia 12 lipca 2025",68 m² - 21617.65 zł/m²,warszawa,2025-07-13 22:49:50,sprzedaz,,,,,,,,
329,ID16z5cD,https://www.olx.pl/d/oferta/studio-mieszkanie-mokotow-CID3-ID16z5cD.html,Studio mieszkanie/Mokotów,2 750 zł,"Warszawa, Mokotów - Odświeżono Dzisiaj o 08:49",23 m² - 119.57 zł/m²,warszawa,2025-07-13 22:49:50,sprzedaz,,,,,,,,
330,ID16b6fS,https://www.olx.pl/d/oferta/sprzedam-mieszkanie-80m-CID3-ID16b6fS.html,Sprzedam mieszkanie 80m,1 490 000 złdo negocjacji,"Warszawa, Ursynów - 11 lipca 2025",80 m² - 18625 zł/m²,warszawa,2025-07-13 22:49:50,sprzedaz,,,,,,,,
331,ID4xawx,https://www.olx.plhttps://www.otodom.pl/pl/oferta/blisko-metro-przy-sggw-ladne-ustawne-3-pokoje-z-oddzielna-kuchnia-ID4xawx.html,"Blisko METRO + przy SGGW - ładne, ustawne 3 pokoje z oddzielną kuchnią",890 000 zł,"Warszawa, Ursynów - 08 lipca 2025","61,60 m² - 14448.05 zł/m²",warszawa,2025-07-13 22:49:50,sprzedaz,,,,,,,,
332,ID4x7qx,https://www.olx.plhttps://www.otodom.pl/pl/oferta/ul-uznamska-roza-wiatrow-mieszkanie-przy-cichej-ulicy-ID4x7qx.html,"ul. Uznamska ""Róża Wiatrów"" | Mieszkanie przy cichej ulicy",870 000 zł,"Warszawa, Targówek - 03 lipca 2025","55,30 m² - 15732.37 zł/m²",warszawa,2025-07-13 22:49:50,sprzedaz,,,,,,,,
333,ID4vVZn,https://www.olx.plhttps://www.otodom.pl/pl/oferta/bliska-wola-ul-anielewicza-wyjatkowy-apartament-ID4vVZn.html,"Bliska Wola ul. Anielewicza,wyjątkowy apartament",1 050 000 zł,"Warszawa, Wola - Odświeżono dnia 08 lipca 2025","55,50 m² - 18918.92 zł/m²",warszawa,2025-07-13 22:49:50,sprzedaz,,,,,,,,
